date, pm25, pm10, o3, no2, so2, co
5/1/25,25,23, ,20, , 
5/2/25,43,23, ,16, , 
5/3/25,60,16, ,9, , 
5/4/25,39,16, ,13, , 
5/5/25,24,23, ,21, , 
5/6/25,39,17, ,12, , 
5/7/25,28,17, ,13, , 
5/8/25,30,22, ,23, , 
5/9/25,38,11, ,13, , 
5/10/25,31,11, ,11, , 
5/11/25,29,14, ,16, , 
5/12/25,31,23, ,22, , 
5/13/25,36,19, ,19, , 
5/14/25,39,10, ,18, , 
5/15/25,21,10, ,14, , 
5/16/25,23,8, ,13, , 
5/17/25,23,10, ,14, , 
5/18/25,30,16, ,21, , 
5/19/25,42,20, ,19, , 
5/20/25,45,21, ,26, , 
5/21/25,44,18, ,25, , 
5/22/25,40,15, ,20, , 
5/23/25,31,18, ,24, , 
5/24/25,33,17, ,26, , 
5/25/25,42,18, ,22, , 
5/26/25,40,17, ,19, , 
5/27/25,31,28, ,31, , 
5/28/25,48,12, ,15, , 
5/29/25,27,14, ,16, , 
5/30/25,33,20, , , , 
5/31/25,49,17, , , , 
4/1/25,54,35, ,10, , 
4/2/25,52,32, ,15, , 
4/3/25,39,50, ,22, , 
4/4/25,54,35, ,12, , 
4/5/25,35,22, ,8, , 
4/6/25,29,25, ,12, , 
4/7/25,37,52, ,17, , 
4/8/25,45,41, ,15, , 
4/9/25,48,22, ,16, , 
4/10/25,30,21, ,20, , 
4/11/25,52,24, ,23, , 
4/12/25,49,26, ,18, , 
4/13/25,59,38, ,27, , 
4/14/25,56,22, ,9, , 
4/15/25,48,23, ,12, , 
4/16/25,56,39, ,19, , 
4/17/25,58,39, ,17, , 
4/18/25,56,20, ,13, , 
4/19/25,38,16, ,14, , 
4/20/25,36,17, ,19, , 
4/21/25,37,45, ,24, , 
4/22/25,64,33, ,20, , 
4/23/25,49,36, ,19, , 
4/24/25,50,19, ,8, , 
4/25/25,38,16, ,9, , 
4/26/25,24,13, ,13, , 
4/27/25,26,25, ,30, , 
4/28/25,47,35, ,29, , 
4/29/25,53,23, ,22, , 
4/30/25,39,15, ,14, , 
1/1/25,62,17, ,9, , 
1/2/25,34,18, ,13, , 
1/3/25,46,25, ,12, , 
1/4/25,38,47, ,14, , 
1/5/25,94,28, ,12, , 
1/6/25,67,25, ,22, , 
1/7/25,62,16, ,18, , 
1/8/25,44,25, ,17, , 
1/9/25,68,12, ,11, , 
1/10/25,38,18, ,9, , 
1/11/25,43,13, ,12, , 
1/12/25,35,20, ,17, , 
1/13/25,45,34, ,16, , 
1/14/25,68,16, ,15, , 
1/15/25,46,18, ,14, , 
1/16/25,55,36, ,11, , 
1/17/25,89,36, ,14, , 
1/18/25,80,23, ,15, , 
1/19/25,57,47, ,16, , 
1/20/25,111,69, ,24, , 
1/21/25,134,78, ,22, , 
1/22/25,153,39, ,16, , 
1/23/25,90,45, ,20, , 
1/24/25,74,38, ,17, , 
1/25/25,70,30, ,17, , 
1/26/25,65,35, ,19, , 
1/27/25,72,35, ,17, , 
1/28/25,69,39, ,18, , 
1/29/25,55,39, ,23, , 
1/30/25,54,33, ,19, , 
1/31/25,61,14, ,12, , 
2/1/25,41,26, ,16, , 
2/2/25,56,36, ,18, , 
2/3/25,59,48, ,21, , 
2/4/25,84,62, ,24, , 
2/5/25,118,40, ,17, , 
2/6/25,95,28, ,9, , 
2/7/25,76,22, ,7, , 
2/8/25,64,34, ,7, , 
2/9/25,83,39, ,9, , 
2/10/25,86,68, ,7, , 
2/11/25,99,44, ,9, , 
2/12/25,98,57, ,18, , 
2/13/25,118,64, ,20, , 
2/14/25,104,27, ,15, , 
2/15/25,52,43, ,17, , 
2/16/25,71,97, ,30, , 
2/17/25,124,56, ,25, , 
2/18/25,119,39, ,21, , 
2/19/25,90,54, ,19, , 
2/20/25,119,51, ,15, , 
2/21/25,92,41, ,13, , 
2/22/25,85,58, ,23, , 
2/23/25,121,92, ,28, , 
2/24/25,160,58, ,17, , 
2/25/25,129,76, ,25, , 
2/26/25,151,83, ,26, , 
2/27/25,139,33, ,25, , 
2/28/25,85,18, , , , 
3/1/25,57,15, , , , 
3/2/25,52,24, , , , 
3/3/25,57,36, ,12, , 
3/4/25,63,45, ,16, , 
3/5/25,67,64, ,34, , 
3/6/25,87,92, ,45, , 
3/7/25,139,71, ,33, , 
3/8/25,126,53, ,19, , 
3/9/25,114,67, ,32, , 
3/10/25,126,76, ,28, , 
3/11/25,132,70, ,26, , 
3/12/25,124,20, ,20, , 
3/13/25,57,18, ,12, , 
3/14/25,38,17, ,9, , 
3/15/25,41,32, ,20, , 
3/16/25,62,30, ,13, , 
3/17/25,32,46, ,16, , 
3/18/25,66,49, ,22, , 
3/19/25,69,59, ,34, , 
3/20/25,93,67, ,35, , 
3/21/25,106,36, ,9, , 
3/22/25,70,28, ,7, , 
3/23/25,64,25, ,17, , 
3/24/25,52,53, ,28, , 
3/25/25,96,60, ,25, , 
3/26/25,106,44, ,20, , 
3/27/25,58,34, ,19, , 
3/28/25,64,30, ,12, , 
3/29/25,58,45, ,19, , 
3/30/25,87,32, ,17, , 
3/31/25,59,36, ,12, , 
10/1/24,40,22, ,16, , 
10/2/24,55,18, ,17, , 
10/3/24,51,24, ,12, , 
10/4/24,60,14, ,7, , 
10/5/24,39,15, ,8, , 
10/6/24,44,30, ,21, , 
10/7/24,60,27, ,12, , 
10/8/24,62,20, ,17, , 
10/9/24,48,22, ,14, , 
10/10/24,46,21, ,17, , 
10/11/24,34,22, ,19, , 
10/12/24,47,15, ,11, , 
10/13/24,44,13, ,10, , 
10/14/24,33,22, ,18, , 
10/15/24,44,21, ,15, , 
10/16/24,48,15, ,9, , 
10/17/24,38,15, ,9, , 
10/18/24,37,16, ,9, , 
10/19/24,42,23, ,11, , 
10/20/24,60,40, ,24, , 
10/21/24,71,49, ,25, , 
10/22/24,85,40, ,18, , 
10/23/24,55,43, ,22, , 
10/24/24,78,32, ,14, , 
10/25/24,75,51, ,22, , 
10/26/24,102,57, ,19, , 
10/27/24,126,48, ,19, , 
10/28/24,71,35, ,19, , 
10/29/24,73,26, ,11, , 
10/30/24,62,27, ,12, , 
10/31/24,42,33, ,4, , 
11/1/24,64,24, ,11, , 
11/2/24,35,27, ,11, , 
11/3/24,56,30, ,19, , 
11/4/24,45,54, ,34, , 
11/5/24,74,70, ,23, , 
11/6/24,136,34, ,15, , 
11/7/24,64,23, ,13, , 
11/8/24,58,20, ,8, , 
11/9/24,57,31, ,8, , 
11/10/24,79,41, ,11, , 
11/11/24,89,39, ,13, , 
11/12/24,80,41, ,16, , 
11/13/24,68,29, ,15, , 
11/14/24,70,22, ,13, , 
11/15/24,54,30, ,14, , 
11/16/24,68,29, ,9, , 
11/17/24,72,15, ,14, , 
11/18/24,39,19, ,16, , 
11/19/24,49,11, ,11, , 
11/20/24,36,19, ,18, , 
11/21/24,52,33, ,23, , 
11/22/24,76,23, ,12, , 
11/23/24,61,23, ,14, , 
11/24/24,58,40, ,15, , 
11/25/24,70,35, ,19, , 
11/26/24,72,34, ,18, , 
11/27/24,79,25, ,19, , 
11/28/24,67,19, ,13, , 
11/29/24,59,24, ,13, , 
11/30/24,54,32, ,11, , 
12/1/24,77,33, ,13, , 
12/2/24,69,48, ,18, , 
12/3/24,88,28, ,17, , 
12/4/24,73,36, ,18, , 
12/5/24,83,31, ,12, , 
12/6/24,78,31, ,9, , 
12/7/24,80,24, ,6, , 
12/8/24,68,11, ,6, , 
12/9/24,38,15, ,7, , 
12/10/24,48,26, ,11, , 
12/11/24,61,30, ,15, , 
12/12/24,59,29, ,19, , 
12/13/24,49,42, ,13, , 
12/14/24,90,15, ,8, , 
12/15/24,44,7, ,9, , 
12/16/24,22,7, ,9, , 
12/17/24,20,20, ,15, , 
12/18/24,46,25, ,18, , 
12/19/24,47,23, ,12, , 
12/20/24,42,29, ,15, , 
12/21/24,55,17, ,14, , 
12/22/24,48,27, ,22, , 
12/23/24,58,27, ,18, , 
12/24/24,60,26, ,17, , 
12/25/24,52,38, ,14, , 
12/26/24,81,38, ,13, , 
12/27/24,95,29, ,12, , 
12/28/24,67,36, ,15, , 
12/29/24,94, , , , , 
7/1/24,42,16, ,16, , 
7/2/24,35,18, ,17, , 
7/3/24,36,18, ,21, , 
7/4/24,39,20, ,20, , 
7/5/24,53,18, ,18, , 
7/6/24,34,16, ,15, , 
7/7/24,35,17, ,25, , 
7/8/24,34,19, ,17, , 
7/9/24,39,21, ,9, , 
7/10/24,45,28, ,23, , 
7/11/24,59,21, ,19, , 
7/12/24,51,15, ,15, , 
7/13/24,38,11, ,10, , 
7/14/24,29,17, ,24, , 
7/15/24,43,19, ,15, , 
7/16/24,47,24, ,24, , 
7/17/24,45,18, ,22, , 
7/18/24,29,19, ,22, , 
7/19/24,33,18, ,16, , 
7/20/24,38,19, ,22, , 
7/21/24,42,32, ,31, , 
7/22/24,57,18, ,15, , 
7/23/24,37,23, ,26, , 
7/24/24,41,19, ,18, , 
7/25/24,42,20, ,24, , 
7/26/24,38,25, ,29, , 
7/27/24,50,20, ,12, , 
7/28/24,45,15, ,10, , 
7/29/24,26,19, ,18, , 
7/30/24,30,26, ,32, , 
7/31/24,41,29, ,34, , 
8/1/24,47,21, ,16, , 
8/2/24,33,16, ,17, , 
8/3/24,31,21, ,23, , 
8/4/24,50,15, ,21, , 
8/5/24,35,20, ,17, , 
8/6/24,42,18, ,20, , 
8/7/24,42,27, ,29, , 
8/8/24,58,21, ,23, , 
8/9/24,44,15, ,15, , 
8/10/24,34,15, ,17, , 
8/11/24,33,17, ,21, , 
8/12/24,30,15, ,14, , 
8/13/24,26,15, ,13, , 
8/14/24,23,16, ,13, , 
8/15/24,30,26, ,20, , 
8/16/24,51,24, ,31, , 
8/17/24,47,26, ,15, , 
8/18/24,61,20, ,15, , 
8/19/24,50,19, ,18, , 
8/20/24,42,21, ,19, , 
8/21/24,53,17, ,20, , 
8/22/24,33,21, ,25, , 
8/23/24,44,25, ,26, , 
8/24/24,55,25, ,15, , 
8/25/24,58,15, ,16, , 
8/26/24,28,25, ,11, , 
8/27/24,48,27, ,11, , 
8/28/24,57,33, ,19, , 
8/29/24,66,39, ,26, , 
8/30/24,70,31, ,20, , 
8/31/24,62,13, ,9, , 
9/1/24,34,25, ,13, , 
9/2/24,51,43, ,16, , 
9/3/24,73,58, ,14, , 
9/4/24,84,47, ,12, , 
9/5/24,71,42, ,11, , 
9/6/24,63,36, ,8, , 
9/7/24,58,33, ,7, , 
9/8/24,50,38, ,19, , 
9/9/24,52,17, ,23, , 
9/10/24,44,21, ,24, , 
9/11/24,49,26, ,23, , 
9/12/24,57,21, ,13, , 
9/13/24,51,17, ,9, , 
9/14/24,49,19, ,8, , 
9/15/24,50,38, ,9, , 
9/16/24,63,56, ,15, , 
9/17/24,109,41, ,16, , 
9/18/24,76,35, ,12, , 
9/19/24,66,41, ,20, , 
9/20/24,70,43, ,32, , 
9/21/24,74,38, ,27, , 
9/22/24,72,36, ,24, , 
9/23/24,68,35, ,20, , 
9/24/24,66,22, ,23, , 
9/25/24,45,22, ,19, , 
9/26/24,48,15, ,19, , 
9/27/24,30,10, ,15, , 
9/28/24,20,14, ,15, , 
9/29/24,27,13, ,11, , 
9/30/24,26,24, ,17, , 
4/1/24,100,29, ,12, , 
4/2/24,48,12, ,12, , 
4/3/24,28,20, ,16, , 
4/4/24,46,20, ,21, , 
4/5/24,40,22, ,16, , 
4/6/24,43,31, ,22, , 
4/7/24,63,35, ,28, , 
4/8/24,55,38, ,24, , 
4/9/24,59,43, ,19, , 
4/10/24,58,34, ,23, , 
4/11/24,44,36, ,22, , 
4/12/24,52,40, ,17, , 
4/13/24,62,38, ,16, , 
4/14/24,53,32, ,24, , 
4/15/24,45,25, ,17, , 
4/16/24,42,18, ,22, , 
4/17/24,45,19, ,20, , 
4/18/24,39,20, ,20, , 
4/19/24,46,13, ,19, , 
4/20/24,44,13, ,13, , 
4/21/24,34,20, ,17, , 
4/22/24,38,28, ,19, , 
4/23/24,60,30, ,16, , 
4/24/24,64,30, ,24, , 
4/25/24,61,33, ,29, , 
4/26/24,61,28, ,21, , 
4/27/24,54,22, ,14, , 
4/28/24,51,23, ,12, , 
4/29/24,48,26, ,10, , 
4/30/24,46,24, ,8, , 
5/19/24,44,27, ,31, , 
5/20/24,50,28, ,20, , 
5/21/24,56,25, ,11, , 
5/22/24,49,24, ,20, , 
5/23/24,55,27, ,19, , 
5/24/24,57,22, ,14, , 
5/25/24,50,20, ,16, , 
5/26/24,47,21, ,18, , 
5/27/24,45,24, ,21, , 
5/28/24,42,35, ,32, , 
5/29/24,59,23, ,15, , 
5/30/24,54,20, ,8, , 
5/31/24,50,17, ,13, , 
6/1/24,44,15, ,19, , 
6/2/24,41,27, ,25, , 
6/3/24,61,25, ,23, , 
6/4/24,56,24, ,25, , 
6/5/24,54,21, ,27, , 
6/6/24,48,15, ,23, , 
6/7/24,37,23, ,21, , 
6/8/24,52,20, ,16, , 
6/9/24,49,18, ,22, , 
6/10/24,47,26, ,20, , 
6/11/24,51,19, ,22, , 
6/12/24,33,22, ,25, , 
6/13/24,46,23, ,29, , 
6/14/24,51,20, ,16, , 
6/15/24,47,16, ,11, , 
6/16/24,42,21, ,24, , 
6/17/24,48,16, ,22, , 
6/18/24,36,22, ,21, , 
6/19/24,50,15, ,18, , 
6/20/24,33,21, ,27, , 
6/21/24,47,18, ,13, , 
6/22/24,43,13, ,14, , 
6/23/24,28,25, ,14, , 
6/24/24,37,20, ,12, , 
6/25/24,33,19, ,11, , 
6/26/24,45,22, ,9, , 
6/27/24,48,28, ,17, , 
6/28/24,57,20, ,18, , 
6/29/24,47,23, ,10, , 
6/30/24,53,20, ,15, , 
1/7/24,67,35, ,11, , 
1/8/24,79,74, ,28, , 
1/9/24,130,70, ,21, , 
1/10/24,148,41, ,17, , 
1/11/24,99,19, ,19, , 
1/12/24,49,20, ,13, , 
1/13/24,56,14, ,9, , 
1/14/24,46,19, ,12, , 
1/15/24,50,20, ,21, , 
1/16/24,42,42, ,19, , 
1/17/24,98,47, ,22, , 
1/18/24,107,30, ,18, , 
1/19/24,81,26, ,11, , 
1/20/24,66,28, ,24, , 
1/21/24,71,55, ,20, , 
1/22/24,74,19, ,16, , 
1/23/24,55,13, ,13, , 
1/24/24,40,8, ,11, , 
1/25/24,23,24, ,19, , 
1/26/24,45,11, ,12, , 
1/27/24,34,15, ,19, , 
1/28/24,47,28, ,20, , 
1/29/24,61,47, ,25, , 
1/30/24,90,38, ,19, , 
1/31/24,75,22, ,13, , 
2/1/24,57,25, ,13, , 
2/2/24,51,9, ,7, , 
2/3/24,30,10, ,6, , 
2/4/24,30,8, ,11, , 
2/5/24,23,14, ,11, , 
2/6/24,38,8, ,13, , 
2/7/24,25,40, ,23, , 
2/8/24,55,18, ,12, , 
2/9/24,53,31, ,10, , 
2/10/24,84,23, ,8, , 
2/11/24,66,15, ,17, , 
2/12/24,46,17, ,16, , 
2/13/24,38,34, ,25, , 
2/14/24,58,35, ,19, , 
2/15/24,79,36, ,17, , 
2/16/24,73,22, ,15, , 
2/17/24,56,19, ,16, , 
2/18/24,32,20, ,12, , 
2/19/24,56,13, ,14, , 
2/20/24,35,18, ,18, , 
2/21/24,54,22, ,20, , 
2/22/24,58,18, ,23, , 
2/23/24,53,25, ,18, , 
2/24/24,60,30, ,14, , 
2/25/24,72,31, ,17, , 
2/26/24,66,46, ,18, , 
2/27/24,86,43, ,23, , 
2/28/24,103,24, ,11, , 
2/29/24,62,39, ,8, , 
3/1/24,89,38, ,7, , 
3/2/24,87,44, ,7, , 
3/3/24,97,40, ,7, , 
3/4/24,81,26, ,12, , 
3/5/24,69,30, ,8, , 
3/6/24,74,31, ,13, , 
3/7/24,66,74, ,35, , 
3/8/24,109,60, ,23, , 
3/9/24,108,36, ,8, , 
3/10/24,80,23, ,7, , 
3/11/24,62,27, ,10, , 
3/12/24,69,28, ,14, , 
3/13/24,70,45, ,15, , 
3/14/24,93,37, ,14, , 
3/15/24,80,32, ,22, , 
3/16/24,75,12, ,10, , 
3/17/24,29,12, ,17, , 
3/18/24,34,30, ,17, , 
3/19/24,58,35, ,16, , 
3/20/24,71,49, ,21, , 
3/21/24,88,36, ,22, , 
3/22/24,81,22, ,19, , 
3/23/24,57,22, ,16, , 
3/24/24,49,36, ,21, , 
3/25/24,62,32, ,16, , 
3/26/24,68,24, ,11, , 
3/27/24,49,36, ,17, , 
3/28/24,59,24, ,19, , 
3/29/24,37,51, ,15, , 
3/30/24,64,67, ,14, , 
3/31/24,77,88, ,13, , 
10/1/23,43,39, ,29, , 
10/2/23,58,32, ,22, , 
10/3/23,54,24, ,14, , 
10/4/23,38,24, ,16, , 
10/5/23,47,29, ,17, , 
10/6/23,49,13, ,11, , 
10/7/23,30,17, ,12, , 
10/8/23,26,36, ,22, , 
10/9/23,50,41, ,26, , 
10/10/23,73,39, ,19, , 
10/11/23,68,31, ,17, , 
10/12/23,52,35, ,23, , 
10/13/23,61,27, ,17, , 
10/14/23,50,16, ,10, , 
10/15/23,34,22, ,13, , 
10/16/23,38,38, ,22, , 
10/17/23,59,48, ,27, , 
10/18/23,74,43, ,20, , 
10/19/23,86,12, ,7, , 
10/20/23,39,27, ,10, , 
10/21/23,62,16, ,9, , 
10/22/23,48,28, ,17, , 
10/23/23,60,33, ,13, , 
10/24/23,73,16, ,11, , 
10/25/23,49,22, ,17, , 
10/26/23,59,22, ,15, , 
10/27/23,50,18, ,11, , 
10/28/23,41,21, ,13, , 
10/29/23,53,31, ,22, , 
10/30/23,53,24, ,17, , 
10/31/23,46,26, ,12, , 
11/1/23,37,22, ,10, , 
11/2/23,51,15, ,9, , 
11/3/23,39,15, ,17, , 
11/4/23,33,25, ,16, , 
11/5/23,68,15, ,12, , 
11/6/23,28,26, ,21, , 
11/7/23,45,33, ,21, , 
11/8/23,61,26, ,21, , 
11/9/23,56,29, ,20, , 
11/10/23,60,33, ,16, , 
11/11/23,79,36, ,10, , 
11/12/23,84,37, ,19, , 
11/13/23,65,21, ,15, , 
11/14/23,54,15, ,13, , 
11/15/23,39,27, ,17, , 
11/16/23,64,18, ,10, , 
11/17/23,55,16, ,12, , 
11/18/23,54,24, ,11, , 
11/19/23,71,13, ,10, , 
11/20/23,47,25, ,9, , 
11/21/23,64,34, ,19, , 
11/22/23,61,23, ,12, , 
11/23/23,59,16, ,13, , 
11/24/23,32,11, ,13, , 
11/25/23,35,16, ,11, , 
11/26/23,39,23, ,15, , 
11/27/23,64,42, ,15, , 
11/28/23,97,44, ,18, , 
11/29/23,85,43, ,24, , 
11/30/23,104,53, ,24, , 
12/1/23,128,49, ,15, , 
12/2/23,122,35, ,12, , 
12/3/23,77,30, ,18, , 
12/4/23,78,47, ,16, , 
12/5/23,115,38, ,11, , 
12/6/23,97,35, ,13, , 
12/7/23,89,40, ,12, , 
12/8/23,103,48, ,15, , 
12/9/23,112,38, ,13, , 
12/10/23,99,25, ,21, , 
12/11/23,66,23, ,22, , 
12/12/23,66,35, ,14, , 
12/13/23,90,24, ,12, , 
12/14/23,70,22, ,16, , 
12/15/23,63,25, ,12, , 
12/16/23,70,19, ,8, , 
12/17/23,60,21, ,12, , 
12/18/23,61,21, ,17, , 
12/19/23,57,12, ,17, , 
12/20/23,39,8, ,15, , 
12/21/23,26,12, ,10, , 
12/22/23,29,14, ,7, , 
12/23/23,30,15, ,11, , 
12/24/23,43,7, ,4, , 
12/25/23,21,8, ,6, , 
12/26/23,25,18, ,11, , 
12/27/23,37,29, ,19, , 
12/28/23,66,26, ,12, , 
12/29/23,61, , , , , 
7/1/23,57,28, ,14, , 
7/2/23,51,39, ,22, , 
7/3/23,56,49, ,30, , 
7/4/23,66,35, ,19, , 
7/5/23,64,30, ,24, , 
7/6/23,47,37, ,35, , 
7/7/23,51,38, ,31, , 
7/8/23,56,20, ,14, , 
7/9/23,38,31, ,25, , 
7/10/23,42,27, ,23, , 
7/11/23,41,39, ,28, , 
7/12/23,63,33, ,26, , 
7/13/23,61,31, ,25, , 
7/14/23,49,31, ,22, , 
7/15/23,54,29, ,17, , 
7/16/23,59,34, ,28, , 
7/17/23,52,21, ,21, , 
7/18/23,36,31, ,32, , 
7/19/23,42,19, ,23, , 
7/20/23,39,23, ,26, , 
7/21/23,37,25, ,16, , 
7/22/23,46,30, ,24, , 
7/23/23,49,34, ,26, , 
7/24/23,48,33, ,20, , 
7/25/23,46,20, ,19, , 
7/26/23,37,21, ,22, , 
7/27/23,36,20, ,24, , 
7/28/23,41,20, ,17, , 
7/29/23,42,19, ,15, , 
7/30/23,38,24, ,20, , 
7/31/23,38,22, ,21, , 
8/1/23,40,24, ,22, , 
8/2/23,38,22, ,20, , 
8/3/23,36,31, ,23, , 
8/4/23,39,22, ,17, , 
8/5/23,46,23, ,8, , 
8/6/23,49,17, ,13, , 
8/7/23,24,23, ,15, , 
8/8/23,31,21, ,23, , 
8/9/23,36,29, ,28, , 
8/10/23,49,38, ,33, , 
8/11/23,52,32, ,32, , 
8/12/23,48,32, ,20, , 
8/13/23,56,30, ,21, , 
8/14/23,56,30, ,19, , 
8/15/23,59,38, ,28, , 
8/16/23,64,35, ,28, , 
8/17/23,61,25, ,19, , 
8/18/23,52,28, ,16, , 
8/19/23,62,40, ,26, , 
8/20/23,73,40, ,32, , 
8/21/23,62,38, ,30, , 
8/22/23,46,28, ,32, , 
8/23/23,42,38, ,33, , 
8/24/23,53,35, ,25, , 
8/25/23,66,30, ,29, , 
8/26/23,55,21, ,21, , 
8/27/23,51,24, ,21, , 
8/28/23,46,30, ,18, , 
8/29/23,51,20, ,21, , 
8/30/23,49,20, ,19, , 
8/31/23,37,26, ,25, , 
9/1/23,40,29, ,29, , 
9/2/23,50,27, ,27, , 
9/3/23,51,26, ,24, , 
9/4/23,43,42, ,37, , 
9/5/23,56,43, ,41, , 
9/6/23,59,37, ,29, , 
9/7/23,62,41, ,31, , 
9/8/23,64,44, ,32, , 
9/9/23,75,42, ,16, , 
9/10/23,72,46, ,35, , 
9/11/23,71,56, ,45, , 
9/12/23,88,53, ,41, , 
9/13/23,86,26, ,21, , 
9/14/23,42,17, ,13, , 
9/15/23,26,19, ,9, , 
9/16/23,33,23, ,15, , 
9/17/23,51,26, ,22, , 
9/18/23,54,31, ,22, , 
9/19/23,56,27, ,30, , 
9/20/23,45,21, ,18, , 
9/21/23,45,27, ,19, , 
9/22/23,49,22, ,19, , 
9/23/23,47,15, ,19, , 
9/24/23,33,14, ,11, , 
9/25/23,29,32, ,18, , 
9/26/23,60,45, ,20, , 
9/27/23,75,42, ,26, , 
9/28/23,72,47, ,32, , 
9/29/23,75,31, ,24, , 
9/30/23,57,22, ,16, , 
4/1/23,45,13, ,12, , 
4/2/23,36,16, ,11, , 
4/3/23,25,51, ,20, , 
4/4/23,54,40, ,22, , 
4/5/23,60,24, ,18, , 
4/6/23,47,17, ,9, , 
4/7/23,49,15, ,8, , 
4/8/23,44,15, ,16, , 
4/9/23,45,21, ,13, , 
4/10/23,50,35, ,17, , 
4/11/23,63,57, ,26, , 
4/12/23,75,62, ,25, , 
4/13/23,76,23, ,7, , 
4/14/23,49,11, ,7, , 
4/15/23,36,17, ,10, , 
4/16/23,42,24, ,8, , 
4/17/23,52,27, ,11, , 
4/18/23,56,18, ,17, , 
4/19/23,47,32, ,16, , 
4/20/23,56,33, ,18, , 
4/21/23,53,43, ,29, , 
4/22/23,58,38, ,21, , 
4/23/23,66,44, ,26, , 
4/24/23,65,22, ,20, , 
4/25/23,50,23, ,18, , 
4/26/23,39,39, ,26, , 
4/27/23,56,48, ,32, , 
4/28/23,72,39, ,15, , 
4/29/23,68,34, ,18, , 
4/30/23,56,26, ,11, , 
5/1/23,46,52, ,18, , 
5/2/23,65,32, ,14, , 
5/3/23,41,37, ,22, , 
5/4/23,55,34, ,16, , 
5/5/23,56, , , , , 
5/8/23,38,31, ,20, , 
5/9/23,53,24, ,11, , 
5/10/23,45,23, ,11, , 
5/11/23,43,28, ,12, , 
5/12/23,49,41, ,24, , 
5/13/23,62,32, ,17, , 
5/14/23,59,22, ,13, , 
5/15/23,52,24, ,22, , 
5/16/23,48,19, ,24, , 
5/17/23,53,16, ,13, , 
5/18/23,30,16, ,12, , 
5/19/23,39,27, ,11, , 
5/20/23,53,22, ,12, , 
5/21/23,41,32, ,24, , 
5/22/23,48,34, ,20, , 
5/23/23,55,43, ,21, , 
5/24/23,66,48, ,24, , 
5/25/23,82,40, ,24, , 
5/26/23,57,24, ,12, , 
5/27/23,35,21, ,12, , 
5/28/23,29,40, ,32, , 
5/29/23,49,35, ,18, , 
5/30/23,42,35, ,28, , 
5/31/23,40,42, ,31, , 
6/1/23,50,34, ,20, , 
6/2/23,46,21, ,14, , 
6/3/23,27,20, ,16, , 
6/4/23,30,27, ,21, , 
6/5/23,37,30, ,20, , 
6/6/23,47,34, ,19, , 
6/7/23,56,24, ,7, , 
6/8/23,54,28, ,10, , 
6/9/23,57,30, ,8, , 
6/10/23,55,23, ,5, , 
6/11/23,41,25, ,9, , 
6/12/23,39,15, ,9, , 
6/13/23,39,23, ,13, , 
6/14/23,48,28, ,29, , 
6/15/23,55,36, ,29, , 
6/16/23,67,26, ,24, , 
6/17/23,61,32, ,28, , 
6/18/23,70,34, ,36, , 
6/19/23,60,44, ,41, , 
6/20/23,73,38, ,30, , 
6/21/23,77,37, ,31, , 
6/22/23,69,29, ,22, , 
6/23/23,56,27, ,23, , 
6/24/23,46,27, ,24, , 
6/25/23,52,40, ,38, , 
6/26/23,57,28, ,22, , 
6/27/23,46,22, ,16, , 
6/28/23,35,28, ,25, , 
6/29/23,51,32, ,31, , 
6/30/23,53,26, ,19, , 
1/2/23,64,30, ,13, , 
1/3/23,46,36, ,18, , 
1/4/23,65,7, ,9, , 
1/5/23,17,18, ,11, , 
1/6/23,42,23, ,18, , 
1/7/23,69,23, ,6, , 
1/8/23,68,26, ,12, , 
1/9/23,72,37, ,18, , 
1/10/23,82,27, ,16, , 
1/11/23,67,24, ,18, , 
1/12/23,60,17, ,19, , 
1/13/23,44,28, ,18, , 
1/14/23,49,13, ,12, , 
1/15/23,37,17, ,14, , 
1/16/23,47,24, ,18, , 
1/17/23,59,20, ,15, , 
1/18/23,60,24, ,16, , 
1/19/23,69,21, ,15, , 
1/20/23,64,11, ,7, , 
1/21/23,34,18, ,6, , 
1/22/23,59,26, ,10, , 
1/23/23,73,35, ,12, , 
1/24/23,86,44, ,20, , 
1/25/23,83,46, ,21, , 
1/26/23,85,39, ,16, , 
1/27/23,92,20, ,14, , 
1/28/23,58,25, ,10, , 
1/29/23,57,18, ,13, , 
1/30/23,53,18, ,13, , 
1/31/23,39,11, ,11, , 
2/1/23,29,10, ,18, , 
2/2/23,28,18, ,16, , 
2/3/23,39,13, ,15, , 
2/4/23,36,26, ,17, , 
2/5/23,51,50, ,28, , 
2/6/23,130,31, ,23, , 
2/7/23,86,36, ,26, , 
2/8/23,72,56, ,26, , 
2/9/23,110,45, ,17, , 
2/10/23,91,28, ,12, , 
2/11/23,74,20, ,14, , 
2/12/23,37,17, ,14, , 
2/13/23,52,27, ,15, , 
2/14/23,61,41, ,22, , 
2/15/23,80,59, ,22, , 
2/16/23,129,38, ,19, , 
2/17/23,95,14, ,9, , 
2/18/23,31,15, ,10, , 
2/19/23,34,14, ,10, , 
2/20/23,37,17, ,10, , 
2/21/23,32,14, ,12, , 
2/22/23,34,25, ,12, , 
2/23/23,54,34, ,21, , 
2/24/23,79,13, ,16, , 
2/25/23,43,14, ,17, , 
2/26/23,28,17, ,11, , 
2/27/23,34,56, ,31, , 
2/28/23,79,65, ,28, , 
3/1/23,110,55, ,28, , 
3/2/23,94,51, ,17, , 
3/3/23,98,27, ,13, , 
3/4/23,54,28, ,15, , 
3/5/23,53,37, ,25, , 
3/6/23,75,40, ,21, , 
3/7/23,78,20, ,18, , 
3/8/23,42,13, ,10, , 
3/9/23,44,24, ,26, , 
3/10/23,61,16, ,17, , 
3/11/23,50,20, ,13, , 
3/12/23,42,21, ,19, , 
3/13/23,52,23, ,19, , 
3/14/23,49,29, ,18, , 
3/15/23,47,50, ,23, , 
3/16/23,69,44, ,20, , 
3/17/23,86,23, ,12, , 
3/18/23,49,59, ,28, , 
3/19/23,88,64, ,31, , 
3/20/23,113,26, ,24, , 
3/21/23,55,50, ,25, , 
3/22/23,87,50, ,23, , 
3/23/23,70,35, ,25, , 
3/24/23,57,18, ,19, , 
3/25/23,43,14, ,14, , 
3/26/23,34,34, ,20, , 
3/27/23,50,28, ,21, , 
3/28/23,47,42, ,21, , 
3/29/23,52,41, ,23, , 
3/30/23,70,28, ,23, , 
3/31/23,53,18, ,20, , 
10/1/22,69,15, ,11, , 
10/2/22,37,13, ,13, , 
10/3/22,22,18, ,14, , 
10/4/22,31,35, ,19, , 
10/5/22,54,34, ,21, , 
10/6/22,47,37, ,26, , 
10/7/22,58,41, ,20, , 
10/8/22,71,26, ,13, , 
10/9/22,49,26, ,14, , 
10/10/22,55,40, ,19, , 
10/11/22,58,51, ,28, , 
10/12/22,71,37, ,21, , 
10/13/22,68,39, ,15, , 
10/14/22,83,40, ,17, , 
10/15/22,87,35, ,19, , 
10/16/22,65,47, ,24, , 
10/17/22,77,40, ,24, , 
10/18/22,63,19, ,15, , 
10/19/22,34,32, ,24, , 
10/20/22,44,29, ,15, , 
10/21/22,65,28, ,16, , 
10/22/22,73,27, ,13, , 
10/23/22,62,36, ,18, , 
10/24/22,73,28, ,18, , 
10/25/22,58,38, ,21, , 
10/26/22,63,52, ,25, , 
10/27/22,86,48, ,22, , 
10/28/22,86,40, ,14, , 
10/29/22,62,43, ,20, , 
10/30/22,67,40, ,18, , 
10/31/22,81,28, ,11, , 
11/1/22,70,44, ,15, , 
11/2/22,84,44, ,24, , 
11/3/22,60,23, ,12, , 
11/4/22,57,28, ,13, , 
11/5/22,73,26, ,17, , 
11/6/22,61,37, ,17, , 
11/7/22,72,37, ,23, , 
11/8/22,65,42, ,20, , 
11/9/22,83,29, ,20, , 
11/10/22,75,24, ,13, , 
11/11/22,58,37, ,16, , 
11/12/22,71,22, ,15, , 
11/13/22,63,20, ,12, , 
11/14/22,50,38, ,18, , 
11/15/22,80,13, ,7, , 
11/16/22,39,16, ,11, , 
11/17/22,36,22, ,11, , 
11/18/22,53,33, ,18, , 
11/19/22,71,47, ,13, , 
11/20/22,108,52, ,16, , 
11/21/22,132,40, ,11, , 
11/22/22,106,28, ,10, , 
11/23/22,76,25, ,15, , 
11/24/22,70,42, ,18, , 
11/25/22,110,41, ,14, , 
11/26/22,106,48, ,15, , 
11/27/22,116,40, ,9, , 
11/28/22,110,25, ,9, , 
11/29/22,67,22, ,11, , 
11/30/22,60,23, ,8, , 
12/1/22,63,33, ,8, , 
12/2/22,80,37, ,8, , 
12/3/22,97,24, ,5, , 
12/4/22,72,23, ,8, , 
12/5/22,67,30, ,11, , 
12/6/22,81,16, ,15, , 
12/7/22,52,20, ,20, , 
12/8/22,56,41, ,22, , 
12/9/22,107,32, ,12, , 
12/10/22,93,25, ,12, , 
12/11/22,65,22, ,15, , 
12/12/22,53,20, ,16, , 
12/13/22,58,42, ,21, , 
12/14/22,115,41, ,23, , 
12/15/22,105,41, ,17, , 
12/16/22,107,29, ,17, , 
12/17/22,82,30, ,16, , 
12/18/22,85,29, ,17, , 
12/19/22,83,37, ,25, , 
12/20/22,82,33, ,26, , 
12/21/22,85,29, ,22, , 
12/22/22,82,20, ,18, , 
12/23/22,62,19, ,11, , 
12/24/22,63,23, ,10, , 
12/25/22,70,17, ,9, , 
12/26/22,57,13, ,11, , 
12/27/22,34,28, ,17, , 
12/28/22,52,28, ,18, , 
12/29/22,50,32, ,20, , 
12/30/22,57,24, ,11, , 
12/31/22,56,23, ,8, , 
1/1/23,41,39, ,19, , 
7/1/22,66,27, ,15, , 
7/2/22,41,12, ,11, , 
7/3/22,20,27, ,28, , 
7/4/22,46,28, ,26, , 
7/5/22,48,16, ,22, , 
7/6/22,28,26, ,24, , 
7/7/22,29,23, ,27, , 
7/8/22,35,20, ,12, , 
7/9/22,28,15, ,9, , 
7/10/22,21,20, ,14, , 
7/11/22,25,22, ,12, , 
7/12/22,24,20, ,16, , 
7/13/22,25,24, ,21, , 
7/14/22,35,22, ,15, , 
7/15/22,25,24, ,15, , 
7/16/22,29,15, ,11, , 
7/17/22,21,21, ,19, , 
7/18/22,30,32, ,34, , 
7/19/22,45,26, ,25, , 
7/20/22,43,28, ,25, , 
7/21/22,37,47, ,37, , 
7/22/22,64,34, ,24, , 
7/23/22,55,20, ,13, , 
7/24/22,33,20, ,21, , 
7/25/22,32,22, ,17, , 
7/26/22,45,21, ,19, , 
7/27/22,31,24, ,24, , 
7/28/22,31,21, ,11, , 
7/29/22,25,14, ,8, , 
7/30/22,24,11, ,9, , 
7/31/22,24,22, ,19, , 
8/1/22,34,26, ,30, , 
8/2/22,47,36, ,34, , 
8/3/22,63,24, ,17, , 
8/4/22,47,25, ,18, , 
8/5/22,50,24, ,15, , 
8/6/22,41,13, ,11, , 
8/7/22,19,16, ,14, , 
8/8/22,24,21, ,14, , 
8/9/22,31,20, ,18, , 
8/10/22,29,23, ,17, , 
8/11/22,31,22, ,15, , 
8/12/22,42,17, ,12, , 
8/13/22,42,22, ,9, , 
8/14/22,53,25, ,7, , 
8/15/22,56,29, ,12, , 
8/16/22,59,32, ,16, , 
8/17/22,64,37, ,19, , 
8/18/22,69,33, ,12, , 
8/19/22,62,29, ,9, , 
8/20/22,52,17, ,8, , 
8/21/22,36,26, ,13, , 
8/22/22,48,45, ,15, , 
8/23/22,65,65, ,28, , 
8/24/22,79,39, ,16, , 
8/25/22,51,37, ,23, , 
8/26/22,54,35, ,16, , 
8/27/22,60,34, ,20, , 
8/28/22,54,22, ,17, , 
8/29/22,38,26, ,17, , 
8/30/22,33,19, ,18, , 
8/31/22,21,20, ,20, , 
9/1/22,20,18, ,15, , 
9/2/22,20,19, ,13, , 
9/3/22,27,21, ,11, , 
9/4/22,45,16, ,13, , 
9/5/22,17,19, ,12, , 
9/6/22,20,23, ,17, , 
9/7/22,31,23, ,9, , 
9/8/22,32,21, ,10, , 
9/9/22,56,15, ,8, , 
9/10/22,41,16, ,13, , 
9/11/22,37,20, ,18, , 
9/12/22,35,31, ,25, , 
9/13/22,54,22, ,21, , 
9/14/22,42,29, ,23, , 
9/15/22,46,24, ,16, , 
9/16/22,33,25, ,17, , 
9/17/22,36,21, ,10, , 
9/18/22,36,14, ,14, , 
9/19/22,33,35, ,18, , 
9/20/22,73,20, ,16, , 
9/21/22,31,26, ,18, , 
9/22/22,40,33, ,22, , 
9/23/22,42,41, ,26, , 
9/24/22,61,33, ,19, , 
9/25/22,74,35, ,21, , 
9/26/22,73,24, ,14, , 
9/27/22,62,19, ,20, , 
9/28/22,39,28, ,21, , 
9/29/22,53,34, ,18, , 
9/30/22,71,28, ,18, , 
4/1/22,31,17, ,19, , 
4/2/22,38,27, ,18, , 
4/3/22,46,31, ,18, , 
4/4/22,54,24, ,16, , 
4/5/22,40,17, ,23, , 
4/6/22,46,22, ,19, , 
4/7/22,44,9, ,17, , 
4/8/22,18,18, ,20, , 
4/9/22,39,22, ,14, , 
4/10/22,38,28, ,22, , 
4/11/22,52,36, ,30, , 
4/12/22,57,39, ,32, , 
4/13/22,74,40, ,33, , 
4/14/22,70,34, ,28, , 
4/15/22,70,12, ,7, , 
4/16/22,20,14, ,11, , 
4/17/22,28,13, ,7, , 
4/18/22,27,15, ,15, , 
4/19/22,32,17, ,25, , 
4/20/22,44,19, ,21, , 
4/21/22,52,16, ,13, , 
4/22/22,38,32, ,25, , 
4/23/22,51,20, ,14, , 
4/24/22,46,16, ,15, , 
4/25/22,38,23, ,25, , 
4/26/22,49,26, ,22, , 
4/27/22,49,29, ,23, , 
4/28/22,51,38, ,29, , 
4/29/22,64,50, ,29, , 
4/30/22,74,31, ,17, , 
5/1/22,56,36, ,23, , 
5/2/22,60,37, ,19, , 
5/3/22,53,20, ,11, , 
5/4/22,29,21, ,13, , 
5/5/22,35,39, ,28, , 
5/6/22,65,39, ,29, , 
5/7/22,55,30, ,22, , 
5/8/22,48,17, ,12, , 
5/9/22,23,26, ,24, , 
5/10/22,35,39, ,37, , 
5/11/22,56,50, ,23, , 
5/12/22,56,34, ,30, , 
5/13/22,44,24, ,17, , 
5/14/22,41,22, ,18, , 
5/15/22,30,19, ,20, , 
5/16/22,23,20, ,12, , 
5/17/22,21,25, ,22, , 
5/18/22,26,37, ,42, , 
5/19/22,45,40, ,31, , 
5/20/22,51,23, ,17, , 
5/21/22,38,12, ,11, , 
5/22/22,20,19, ,22, , 
5/23/22,30,19, ,17, , 
5/24/22,41,18, ,25, , 
5/25/22,46,16, ,17, , 
5/26/22,30,16, ,18, , 
5/27/22,28,12, ,11, , 
5/28/22,17,14, ,13, , 
5/29/22,26,15, ,23, , 
5/30/22,37,19, ,27, , 
5/31/22,37,18, ,27, , 
6/1/22,41,15, ,28, , 
6/2/22,32,27, ,34, , 
6/3/22,43,25, ,21, , 
6/4/22,54,15, ,12, , 
6/5/22,29,20, ,17, , 
6/6/22,44,31, ,30, , 
6/7/22,62,21, ,26, , 
6/8/22,49,22, ,20, , 
6/9/22,57,22, ,22, , 
6/10/22,45,19, ,18, , 
6/11/22,29,20, ,27, , 
6/12/22,40,19, ,25, , 
6/13/22,38,16, ,15, , 
6/14/22,26,18, ,20, , 
6/15/22,30,16, ,20, , 
6/16/22,34,16, ,18, , 
6/17/22,25,25, ,22, , 
6/18/22,43,26, ,19, , 
6/19/22,46,26, ,18, , 
6/20/22,47,12, ,13, , 
6/21/22,21,17, ,19, , 
6/22/22,26,17, ,19, , 
6/23/22,30,16, ,13, , 
6/24/22,31,17, ,9, , 
6/25/22,39,19, ,8, , 
6/26/22,42,20, ,12, , 
6/27/22,43,23, ,18, , 
6/28/22,51,21, ,23, , 
6/29/22,52,19, ,14, , 
6/30/22,52,58, ,15, , 
1/3/22,36,13, ,21, ,6
1/4/22,47,12, ,18, ,5
1/5/22,46,9, ,8, ,4
1/6/22,32,26, ,20, ,6
1/7/22,55,43, ,19, ,7
1/8/22,81,41, ,13, ,7
1/9/22,98,30, ,15, ,6
1/10/22,77,35, ,18, ,7
1/11/22,81,51, ,20, ,5
1/12/22,90,19, ,11, ,3
1/13/22,60,10, ,12, ,3
1/14/22,37,16, ,14, ,3
1/15/22,48,29, ,14, ,4
1/16/22,79,14, ,14, ,3
1/17/22,38,21, ,17, ,4
1/18/22,46,23, ,19, ,4
1/19/22,67,14, ,13, ,3
1/20/22,40,19, ,13, ,3
1/21/22,33,24, ,16, ,4
1/22/22,40,25, ,15, ,4
1/23/22,49,54, ,23, ,6
1/24/22,93,24, ,18, ,5
1/25/22,66,16, ,17, ,4
1/26/22,54,15, ,12, ,4
1/27/22,54,8, ,13, ,3
1/28/22,26,15, ,12, ,2
1/29/22,43,6, ,6, ,1
1/30/22,23,21, ,18, ,2
1/31/22,40,26, ,18, ,3
2/1/22,56,12, ,16, ,3
2/2/22,43,24, ,21, ,4
2/3/22,55,28, ,23, ,5
2/4/22,75,13, ,10, ,2
2/5/22,36,10, ,10, ,2
2/6/22,30,9, ,19, ,3
2/7/22,25,15, ,13, ,2
2/8/22,37,12, ,14, ,3
2/9/22,37,18, ,19, ,4
2/10/22,54,15, ,24, ,4
2/11/22,44,25, ,18, ,4
2/12/22,43,38, ,16, ,4
2/13/22,69,46, ,23, ,5
2/14/22,80,60, ,26, ,7
2/15/22,114,42, ,18, ,5
2/16/22,77,8, ,11, ,3
2/17/22,15,18, ,15, ,3
2/18/22,31,16, ,7, ,2
2/19/22,22,15, ,13, ,4
2/20/22,38,11, ,14, ,3
2/21/22,20,24, ,19, ,4
2/22/22,38,13, ,17, ,3
2/23/22,37,27, ,23, ,4
2/24/22,56,35, ,19, ,3
2/25/22,51,38, ,23, ,4
2/26/22,67,22, ,11, ,2
2/27/22,55,27, ,14, ,2
2/28/22,54,48, ,25, ,4
3/1/22,76,58, ,28, ,5
3/2/22,95,70, ,28, ,6
3/3/22,121,23, ,19, ,4
3/4/22,64,18, ,14, ,3
3/5/22,38,42, ,19, ,4
3/6/22,74,40, ,24, ,5
3/7/22,67,39, ,24, ,5
3/8/22,57,34, ,17, ,4
3/9/22,60,21, ,11, ,3
3/10/22,47,33, ,11, ,4
3/11/22,59,68, , , ,9
3/12/22,107,42, , , ,5
3/13/22,95,38, , , ,4
3/14/22,88,65, ,37, ,7
3/15/22,117,56, ,19, ,5
3/16/22,131,44, ,15, ,4
3/17/22,102,39, ,22, ,4
3/18/22,81,50, ,25, ,6
3/19/22,103,53, ,21, ,5
3/20/22,97,63, ,32, ,7
3/21/22,105,96, ,45, ,12
3/22/22,131,104, ,40, ,9
3/23/22,134,64, ,27, ,6
3/24/22,92, , , , , 
3/27/22,38,46, ,16, , 
3/28/22,54,45, ,20, , 
3/29/22,70,54, ,21, , 
3/30/22,84,19, ,9, , 
3/31/22,36,18, ,11, , 
10/1/21,64,23, ,13, ,7
10/2/21,59,22, ,10, ,6
10/3/21,58,24, ,15, ,6
10/4/21,56,31, ,10, ,6
10/5/21,59,30, ,12, ,5
10/6/21,56,31, ,11, ,5
10/7/21,56,30, ,15, ,6
10/8/21,55,26, ,17, ,7
10/9/21,60,32, ,14, ,7
10/10/21,78,61, ,40, ,13
10/11/21,86,38, ,23, ,10
10/12/21,66,30, ,21, ,9
10/13/21,58,31, ,22, ,10
10/14/21,61,20, ,17, ,9
10/15/21,51,31, ,17, ,9
10/16/21,53,36, ,22, ,10
10/17/21,65,33, ,22, ,9
10/18/21,59,22, ,21, ,10
10/19/21,56,21, ,21, ,9
10/20/21,51,36, ,18, ,9
10/21/21,53,17, ,13, ,8
10/22/21,32,12, ,13, ,8
10/23/21,33,27, ,15, ,11
10/30/21,84,31, ,20, ,10
10/31/21,70,29, ,11, ,10
11/1/21,72,37, ,17, ,11
11/2/21,89,26, ,22, ,12
11/3/21,66,16, ,15, ,10
11/4/21,45,16, ,15, ,10
11/5/21,37,19, ,13, ,11
11/6/21,51,18, ,12, ,11
11/7/21,53,11, ,16, ,11
11/8/21,41,20, ,17, ,12
11/9/21,53,38, ,20, ,14
11/10/21,83,47, ,19, ,14
11/11/21,93,47, ,16, ,10
11/12/21,107,35, ,11, ,3
11/13/21,88,48, ,13, ,5
11/14/21,119,27, ,10, ,3
11/15/21,74,41, ,18, ,6
11/16/21,95,47, ,16, ,7
11/17/21,102,21, ,19, ,5
11/18/21,60,9, ,11, ,4
11/19/21,36,14, ,12, ,4
11/20/21,36,20, ,11, ,5
11/21/21,58,25, ,23, ,7
11/22/21,56,22, ,17, ,6
11/23/21,64,20, ,22, ,7
11/24/21,63,36, ,22, ,8
11/25/21,79,36, ,20, ,7
11/26/21,83,21, ,18, ,7
11/27/21,60,36, ,14, ,8
11/28/21,92,13, ,15, ,7
11/29/21,52,11, ,17, ,6
11/30/21,42,16, ,19, ,7
12/1/21,53,14, ,16, ,6
12/2/21,33,20, ,18, ,6
12/3/21,46,27, ,21, ,8
12/4/21,65,31, ,12, ,7
12/5/21,83,24, ,8, ,7
12/6/21,72,21, ,12, ,6
12/7/21,62,24, ,13, ,6
12/8/21,66,19, ,10, ,6
12/9/21,62,29, ,17, ,10
12/10/21,79,45, ,22, ,16
12/11/21,114,51, ,22, ,13
12/12/21,134,47, ,28, ,13
12/13/21,119,39, ,22, ,10
12/14/21,103,33, ,20, ,8
12/15/21,88,19, ,17, ,4
12/16/21,58,20, ,20, ,5
12/17/21,46,16, ,11, ,3
12/18/21,52,7, ,11, ,3
12/19/21,29,22, ,20, ,5
12/20/21,34,42, ,22, ,5
12/21/21,59,26, ,25, ,7
12/22/21,74,45, ,21, ,7
12/23/21,94, , , , , 
12/26/21,85,45, ,19, ,7
12/27/21,118,26, ,9, ,4
12/28/21,77,36, ,14, ,5
12/29/21,95,46, ,22, ,10
12/30/21,104,11, ,9, ,4
12/31/21,41,8, ,10, ,4
1/1/22,29,13, ,11, ,5
1/2/22,46,10, ,13, ,5
7/1/21,50,28, ,15, ,12
7/2/21,54,18, ,12, ,12
7/3/21,49,27, ,15, ,14
7/4/21,62,31, ,23, ,15
7/5/21,59,38, ,28, ,13
7/6/21,63,37, ,16, ,12
7/7/21,75,41, ,21, ,15
7/8/21,78,32, ,13, ,13
7/9/21,59,29, ,15, ,15
7/10/21,49,20, ,10, ,13
7/11/21,46,35, ,17, ,14
7/12/21,59,23, ,19, ,13
7/13/21,56,51, ,18, ,12
7/14/21,72,28, ,23, ,14
7/15/21,49,25, ,28, ,10
7/16/21,52,38, ,20, ,5
7/17/21,59,29, ,15, ,4
7/18/21,53,38, ,22, ,4
7/19/21,52,33, ,23, ,5
7/20/21,42,32, ,21, ,4
7/21/21,45,34, ,23, ,5
7/22/21,43,50, ,34, ,7
7/23/21,63,38, ,21, ,6
7/24/21,67,32, ,12, ,3
7/25/21,59,25, ,18, ,4
7/26/21,57,36, ,30, ,7
7/27/21,70,32, ,31, ,5
7/28/21,56,33, ,23, ,5
7/29/21,53,46, ,29, ,6
7/30/21,51,47, ,26, ,6
7/31/21,61,30, ,22, ,5
8/1/21,45,23, ,15, ,4
8/2/21,46,28, ,24, ,5
8/3/21,41,18, ,30, ,7
8/4/21,49,16, ,13, ,4
8/5/21,48,4, ,15, ,4
8/6/21,14,20, ,17, ,4
8/7/21,34,19, ,17, ,6
8/8/21,44,30, ,26, ,6
8/9/21,43,21, ,26, ,6
8/10/21,43,25, ,20, ,5
8/11/21,47,32, ,27, ,6
8/12/21,52,38, ,33, ,6
8/13/21,58,47, ,25, ,6
8/14/21,72,36, ,23, ,6
8/15/21,55,64, ,25, ,6
8/16/21,62,21, ,15, ,4
8/17/21,44,28, ,20, ,5
8/18/21,45,31, ,22, ,6
8/19/21,45,29, ,24, ,7
8/20/21,52,26, ,18, ,6
8/21/21,52,19, ,14, ,5
8/22/21,46,16, ,9, ,4
8/23/21,44,18, ,18, ,6
8/24/21,32,29, ,23, ,7
8/25/21,45,15, ,22, ,6
8/26/21,43,24, ,23, ,8
8/27/21,59,30, ,21, ,7
8/28/21,60,36, ,22, ,8
8/29/21,73,31, ,21, ,7
8/30/21,71,16, ,16, ,6
8/31/21,39,20, ,19, ,7
9/1/21,32,27, ,23, ,7
9/2/21,39,32, ,23, ,7
9/3/21,48,20, ,17, ,6
9/4/21,30,14, ,13, ,5
9/5/21,26,30, ,25, ,8
9/6/21,43,40, ,28, ,8
9/7/21,61,51, ,39, ,10
9/8/21,84,44, ,33, ,8
9/9/21,75,52, ,37, ,9
9/10/21,67,49, ,36, ,10
9/11/21,75,40, ,23, ,8
9/12/21,75,41, ,25, ,8
9/13/21,64,36, ,30, ,9
9/14/21,57,36, ,25, ,6
9/15/21,68,35, ,21, ,6
9/16/21,78,30, ,20, ,6
9/17/21,67,12, ,12, ,5
9/18/21,35,15, ,10, ,5
9/19/21,33,21, ,19, ,6
9/20/21,34,32, ,20, ,6
9/21/21,52,26, ,23, ,7
9/22/21,47,33, ,19, ,6
9/23/21,65,19, ,14, ,5
9/24/21,37,21, ,14, ,6
9/25/21,50,19, ,19, ,7
9/26/21,48,14, ,11, ,5
9/27/21,36,12, ,10, ,5
9/28/21,34,23, ,9, ,5
9/29/21,51,27, ,22, ,10
9/30/21,61,24, ,17, ,7
4/1/21,101,42, ,17, ,5
4/2/21,51,22, ,9, ,4
4/3/21,41,23, ,8, ,4
4/4/21,41,24, ,6, ,4
4/5/21,51,32, ,14, ,5
4/6/21,51,30, ,16, ,5
4/7/21,62,22, ,16, ,5
4/8/21,57,39, ,20, ,6
4/9/21,68,67, ,29, ,9
4/10/21,92,43, ,14, ,7
4/11/21,76,45, ,18, ,6
4/12/21,65,22, ,18, ,6
4/13/21,45,17, ,24, ,7
4/14/21,48,19, ,19, ,8
4/15/21,55,23, ,21, ,9
4/16/21,63,27, ,17, ,8
4/17/21,71,32, ,14, ,8
4/18/21,69,39, ,18, ,8
4/19/21,72,44, ,22, ,8
4/20/21,66,60, ,23, ,8
4/21/21,96,44, ,16, ,7
4/22/21,55,27, ,18, ,7
4/23/21,47,36, ,12, ,7
4/24/21,48,34, ,12, ,6
4/25/21,33,42, ,19, ,7
4/26/21,50,59, ,26, ,9
4/27/21,69,43, ,16, ,5
4/28/21,72,50, ,22, ,5
4/29/21,77,49, ,19, ,5
4/30/21,71,28, ,8, ,4
5/1/21,74,19, ,5, ,3
5/2/21,47,16, ,5, ,3
5/3/21,32,31, ,22, ,5
5/4/21,52,19, ,22, ,6
5/5/21,42,28, ,17, ,5
5/6/21,41,21, ,23, ,7
5/7/21,51,23, ,12, ,4
5/8/21,44,26, ,13, ,5
5/9/21,53,21, ,13, ,4
5/10/21,34,32, ,9, ,4
5/11/21,43,30, ,8, ,4
5/12/21,39,24, ,10, ,4
5/13/21,28,48, ,20, ,7
5/14/21,65,39, ,17, ,6
5/15/21,56,21, ,16, ,7
5/16/21,53,23, ,16, ,7
5/17/21,49,34, ,14, ,7
5/18/21,65,18, ,21, ,8
5/19/21,42,34, ,23, ,8
5/20/21,49,36, ,23, ,7
5/21/21,49,22, ,16, ,7
5/22/21,30,24, ,17, ,7
5/23/21,28,21, ,17, ,7
5/24/21,34,22, ,19, ,8
5/25/21,45,29, ,22, ,7
5/26/21,34,37, ,25, ,9
5/27/21,43,47, ,25, ,9
5/28/21,59,27, ,16, ,8
5/29/21,45,27, ,12, ,7
5/30/21,37,36, ,17, ,7
5/31/21,40,55, ,31, ,10
6/1/21,61,43, ,18, ,8
6/2/21,51,43, ,16, ,9
6/3/21,50,47, ,23, ,9
6/4/21,56,30, ,17, ,9
6/5/21,61,33, ,14, ,8
6/6/21,49,45, ,25, ,9
6/7/21,52,50, ,24, ,10
6/8/21,60,49, ,26, ,10
6/9/21,57,49, ,26, ,10
6/10/21,52,57, ,27, ,11
6/11/21,56,40, ,18, ,9
6/12/21,61,19, ,9, ,8
6/13/21,36,28, ,21, ,10
6/14/21,34,54, ,35, ,11
6/15/21,64,30, ,19, ,9
6/16/21,44,25, ,16, ,7
6/17/21,34,32, ,15, ,8
6/18/21,58,38, ,12, ,9
6/19/21,68,32, ,9, ,9
6/20/21,63,37, ,12, ,9
6/21/21,54,40, ,18, ,10
6/22/21,70,50, ,23, ,13
6/23/21,77,28, ,21, ,12
6/24/21,55,35, ,22, ,13
6/25/21,68,26, ,17, ,11
6/26/21,47,36, ,19, ,10
6/27/21,44,40, ,29, ,13
6/28/21,50,46, ,33, ,13
6/29/21,54,40, ,25, ,12
6/30/21,62,42, ,25, ,12
1/4/21,94,15, ,7, ,8
1/5/21,57,23, ,8, ,9
1/6/21,78,25, ,13, ,10
1/7/21,81,35, ,17, ,10
1/8/21,104,41, ,11, ,9
1/9/21,122,29, ,9, ,9
1/10/21,91,37, ,16, ,10
1/11/21,102,45, ,17, ,8
1/12/21,118,28, ,19, ,4
1/13/21,85,28, ,17, ,4
1/14/21,88,27, ,17, ,3
1/15/21,77,30, ,12, ,3
1/16/21,89,40, ,12, ,4
1/17/21,117,80, ,29, ,10
1/18/21,179,76, ,20, ,8
1/19/21,176,45, ,23, ,7
1/20/21,123,39, ,25, ,7
1/21/21,102,36, ,25, ,7
1/22/21,90,33, ,16, ,5
1/23/21,84,26, ,12, ,4
1/24/21,72,26, ,18, ,5
1/25/21,70,22, ,10, ,3
1/26/21,64,29, ,17, ,4
1/27/21,56,45, ,21, ,5
1/28/21,85,21, ,15, ,4
1/29/21,61,36, ,18, ,5
1/30/21,84,30, ,14, ,5
1/31/21,79,57, ,18, ,6
2/1/21,139,50, ,20, ,7
2/2/21,124,50, ,23, ,8
2/3/21,126,21, ,20, ,4
2/4/21,58,44, ,25, ,6
2/5/21,71,38, ,11, ,2
2/6/21,82,23, ,4, , 
2/7/21,59,25, ,7, ,2
2/8/21,63,48, ,28, ,5
2/9/21,105,75, ,33, ,8
2/10/21,160,37, ,23, ,4
2/11/21,91,19, ,23, ,4
2/12/21,56,24, ,17, ,3
2/13/21,65,19, ,11, ,3
2/14/21,57,33, ,21, ,4
2/15/21,83,39, ,19, ,4
2/16/21,99,67, ,21, ,6
2/17/21,158,48, ,17, ,4
2/18/21,117,56, ,26, ,7
2/19/21,129,52, ,25, ,7
2/20/21,114,51, ,25, ,8
2/21/21,118,63, ,36, ,11
2/22/21,137,72, ,30, ,10
2/23/21,156,78, ,29, ,10
2/24/21,139,97, ,34, ,11
2/25/21,142,50, ,21, ,7
2/26/21,103,28, ,13, ,5
2/27/21,42,28, ,9, ,5
2/28/21,72,31, ,16, ,6
3/1/21,73,50, ,15, ,6
3/2/21,100,55, ,23, ,9
3/3/21,121,48, ,19, ,7
3/4/21,103,39, ,20, ,6
3/5/21,50,45, ,13, ,6
3/6/21,60,36, ,5, ,5
3/7/21,55,43, ,22, ,7
3/8/21,49,64, ,24, ,7
3/9/21,73,70, ,27, ,9
3/10/21,115,54, ,16, ,7
3/11/21,107,25, ,20, ,8
3/12/21,66,22, ,14, ,7
3/13/21,54,20, ,8, ,7
3/14/21,37,52, ,27, ,10
3/15/21,82,54, ,25, ,11
3/16/21,103,31, ,19, ,9
3/17/21,63,27, ,21, ,9
3/18/21,53,44, ,23, ,9
3/19/21,68,40, ,13, ,8
3/20/21,53,29, ,10, ,8
3/21/21,73,47, ,22, ,9
3/22/21,52,47, ,21, ,10
3/23/21,64,51, ,22, ,10
3/24/21,78,72, ,26, ,8
3/25/21,125,73, ,24, ,6
3/26/21,141,52, ,12, ,4
3/27/21,100,35, ,11, ,3
3/28/21,63,38, ,24, ,6
3/29/21,84,38, ,21, ,7
3/30/21,86,56, ,30, ,9
3/31/21,98,58, ,27, ,7
10/1/20,116,13, ,9, ,3
10/2/20,49, , ,7, ,3
10/9/20,82,27, ,15, ,5
10/10/20,77,24, ,15, ,5
10/11/20,61,23, ,23, ,5
10/12/20,72,11, ,13, ,4
10/13/20,46,11, ,10, ,4
10/14/20,43,31, ,18, ,8
10/15/20,82,26, ,13, ,6
10/16/20,76,20, ,10, ,5
10/17/20,66,19, ,7, ,4
10/18/20,66,28, ,17, ,5
10/19/20,73,34, ,20, ,7
10/20/20,87,35, ,21, ,7
10/21/20,82,40, ,25, ,7
10/22/20,82,37, ,26, ,8
10/23/20,95,32, ,17, ,6
10/24/20,90,31, ,10, ,5
10/25/20,91,28, ,14, ,5
10/26/20,81,37, ,19, ,7
10/27/20,90,42, ,19, ,8
10/28/20,103,36, ,17, ,6
10/29/20,85,37, ,20, ,7
10/30/20,81,44, ,16, ,7
10/31/20,103,34, ,10, ,6
11/1/20,97,36, ,13, ,8
11/2/20,99,25, ,20, ,8
11/3/20,76,28, ,21, ,8
11/4/20,82,28, ,13, ,5
11/5/20,73,23, ,12, ,5
11/6/20,76,22, ,11, ,6
11/7/20,71,34, ,10, ,7
11/8/20,93,26, ,12, ,5
11/9/20,72,27, ,12, ,5
11/10/20,74,32, ,10, ,5
11/11/20,90,33, ,13, ,7
11/12/20,90,42, ,16, ,8
11/13/20,109,51, ,15, ,9
11/14/20,129,43, ,12, ,8
11/15/20,118,31, ,13, ,7
11/16/20,91,39, ,20, ,8
11/17/20,100,31, ,17, ,8
11/18/20,92,29, ,14, ,6
11/19/20,80,23, ,15, ,5
11/20/20,60,32, ,12, ,6
11/21/20,88,24, ,7, ,5
11/22/20,72,22, ,11, ,5
11/23/20,70,30, ,16, ,6
11/24/20,75,48, ,26, ,10
11/25/20,110,48, ,21, ,9
11/26/20,124,33, ,16, ,7
11/27/20,95,19, ,11, ,6
11/28/20,65,21, ,8, ,6
11/29/20,66,39, ,18, ,9
11/30/20,102,42, ,13, ,8
12/1/20,120,34, ,11, ,6
12/2/20,99,32, ,9, ,6
12/3/20,95,27, ,9, ,6
12/4/20,85,28, ,7, ,6
12/5/20,84,23, ,4, ,5
12/6/20,76,21, ,6, ,5
12/7/20,67,26, ,7, ,5
12/8/20,79,32, ,8, ,6
12/9/20,94,29, ,9, ,6
12/10/20,90,30, ,8, ,7
12/11/20,93,21, ,6, ,6
12/12/20,73,26, ,9, ,7
12/13/20,84,25, ,18, ,8
12/14/20,74,30, ,13, ,7
12/15/20,90,39, ,17, ,10
12/16/20,107,42, ,12, ,9
12/17/20,120,44, ,19, ,11
12/18/20,120,41, ,14, ,10
12/19/20,112,32, ,9, ,8
12/20/20,98,36, ,15, ,10
12/21/20,104,31, ,15, ,9
12/22/20,98,25, ,24, ,10
12/23/20,70,18, ,12, ,8
12/24/20,66,10, ,6, ,6
12/25/20,44,19, ,5, ,6
12/26/20,65,24, ,6, ,7
12/27/20,77,18, ,6, ,6
12/28/20,63,16, ,13, ,7
12/29/20,60,26, ,23, ,10
12/30/20,83,33, ,16, ,9
12/31/20,98,36, ,11, ,8
1/1/21,103,40, ,9, ,9
1/2/21,116,41, ,5, ,8
1/3/21,120,31, ,8, ,8
7/1/20,53,22, ,19, ,7
7/2/20,53,26, ,21, ,7
7/3/20,62,27, ,17, ,6
7/4/20,62,24, ,12, ,6
7/5/20,56,23, ,15, ,6
7/6/20,52,24, ,16, ,6
7/7/20,48,25, ,19, ,6
7/8/20,53,28, ,22, ,7
7/9/20,62,22, ,19, ,7
7/10/20,58,15, ,14, ,7
7/11/20,49,19, ,14, ,6
7/12/20,47,21, ,17, ,7
7/13/20,47,26, ,25, ,8
7/14/20,53,28, ,23, ,7
7/15/20,60,28, ,20, ,7
7/16/20,70,27, ,22, ,8
7/17/20,67,25, ,13, ,7
7/18/20,67,26, ,14, ,6
7/19/20,66,29, ,24, ,8
7/20/20,67,24, ,15, ,7
7/21/20,54,22, ,18, ,7
7/22/20,44,30, ,21, ,7
7/23/20,52,25, ,25, ,8
7/24/20,56,26, ,14, ,7
7/25/20,55,20, ,15, ,7
7/26/20,48,25, ,23, ,8
7/27/20,58,29, ,22, ,8
7/28/20,66,24, ,21, ,8
7/29/20,57,32, ,24, ,8
7/30/20,55,23, ,19, ,8
7/31/20,47,26, ,20, ,8
8/1/20,56,18, ,19, ,7
8/2/20,48,32, ,22, ,8
8/3/20,69,24, ,20, ,9
8/4/20,73,21, ,18, ,7
8/5/20,52,21, ,9, ,3
8/6/20,49,28, ,12, ,3
8/7/20,58,28, ,13, ,3
8/8/20,60,31, ,25, ,6
8/9/20,65,29, ,18, ,4
8/10/20,62,35, ,15, ,3
8/11/20,63,34, ,18, ,4
8/12/20,52,35, ,23, ,4
8/13/20,57,30, ,16, ,3
8/14/20,56,20, ,7, ,2
8/15/20,48,19, ,10, ,2
8/16/20,48,27, ,15, ,3
8/17/20,58,32, ,23, ,5
8/18/20,71,35, ,20, ,5
8/19/20,66,35, ,25, ,5
8/20/20,61,38, ,34, ,6
8/21/20,62,30, ,16, ,4
8/22/20,69,25, ,14, ,4
8/23/20,65,28, ,22, ,5
8/24/20,57,25, ,25, ,5
8/25/20,57,26, ,19, ,4
8/26/20,52,10, ,8, ,3
8/27/20,34,16, ,15, ,4
8/28/20,51,23, ,18, ,6
8/29/20,66,20, ,9, ,5
8/30/20,67,16, ,19, ,6
8/31/20,51,14, ,11, ,4
9/1/20,52,18, ,15, ,5
9/2/20,59,21, ,20, ,6
9/3/20,56,26, ,23, ,6
9/4/20,67,23, ,18, ,6
9/5/20,66,21, ,14, ,5
9/6/20,60,28, ,23, ,6
9/7/20,63,25, ,19, ,5
9/8/20,57,31, ,25, ,5
9/9/20,64,28, ,21, ,4
9/10/20,58,33, ,30, ,5
9/11/20,66,30, ,22, ,4
9/12/20,71,25, ,17, ,4
9/13/20,64,39, ,32, ,7
9/14/20,74,39, ,34, ,7
9/15/20,80,49, ,30, ,6
9/16/20,93,31, ,19, ,4
9/17/20,57,30, ,22, ,5
9/18/20,50,39, ,28, ,7
9/19/20,66,32, ,22, ,6
9/20/20,64,35, ,27, ,7
9/21/20,69,46, ,29, ,6
9/22/20,86,46, ,25, ,5
9/23/20,85,45, ,31, ,7
9/24/20,92,31, ,14, ,4
9/25/20,76,31, ,9, ,3
9/26/20,76,11, ,9, ,3
9/27/20,45,17, ,10, ,4
9/28/20,59,21, ,13, ,4
9/29/20,63,36, ,15, ,4
9/30/20,77,56, ,10, ,4
4/1/20,76,42, ,17, ,3
4/2/20,89,61, ,10, ,2
4/3/20,95,43, ,15, ,3
4/4/20,71,37, ,14, ,5
4/5/20,92,41, ,11, ,2
4/6/20,84,58, ,20, ,3
4/7/20,99,42, ,23, ,4
4/8/20,66,53, ,18, ,3
4/9/20,84,35, ,16, ,3
4/10/20,63,23, ,4, ,2
4/11/20,50,27, ,7, ,3
4/12/20,60,27, ,6, ,3
4/13/20,60,31, ,10, ,3
4/14/20,51,40, ,11, ,3
4/15/20,72,55, ,10, ,3
4/16/20,71,35, ,13, ,3
4/17/20,55,31, ,10, ,3
4/18/20,51,23, ,7, ,3
4/19/20,49,30, ,11, ,3
4/20/20,61,34, ,10, ,3
4/21/20,63,37, ,13, ,4
4/22/20,67,47, ,22, ,5
4/23/20,61,54, ,24, ,5
4/24/20,73,41, ,9, ,4
4/25/20,65,30, ,10, ,4
4/26/20,54,44, ,23, ,5
4/27/20,66,52, ,23, ,5
4/28/20,73,33, ,9, ,4
4/29/20,72,20, ,9, ,4
4/30/20,61,23, ,6, ,5
5/1/20,73,24, ,11, ,5
5/2/20,63,29, ,10, ,5
5/3/20,74,39, ,25, ,7
5/4/20,73,27, ,18, ,6
5/5/20,71,18, ,16, ,7
5/6/20,57,26, ,18, ,6
5/7/20,56,39, ,22, ,6
5/8/20,73,46, ,19, ,6
5/9/20,73,27, ,10, ,5
5/10/20,66,29, ,15, ,6
5/11/20,68,16, ,12, ,6
5/12/20,39,28, ,15, ,6
5/13/20,61,27, ,18, ,6
5/14/20,65,34, ,23, ,7
5/15/20,71,34, ,12, ,6
5/16/20,62,28, ,11, ,6
5/17/20,58,25, ,16, ,7
5/18/20,56,25, ,15, ,5
5/19/20,67,23, ,18, ,3
5/20/20,53,26, ,17, ,3
5/21/20,46,28, ,21, ,3
5/22/20,54,37, ,21, ,3
5/23/20,64,20, ,9, ,2
5/24/20,53,23, ,21, ,4
5/25/20,59,27, ,19, ,4
5/26/20,63,34, ,23, ,4
5/27/20,63,34, ,19, ,4
5/28/20,58,31, ,15, ,3
5/29/20,48,25, ,14, ,3
5/30/20,47,24, ,7, ,3
5/31/20,49,30, ,12, ,3
6/1/20,46,25, ,16, ,4
6/2/20,48,24, ,18, ,4
6/3/20,53,24, ,19, ,4
6/4/20,56,23, ,17, ,5
6/5/20,60,20, ,13, ,4
6/6/20,49,18, ,15, ,4
6/7/20,54,28, ,14, ,5
6/8/20,72,26, ,20, ,6
6/9/20,68,25, ,19, ,6
6/10/20,72,21, ,7, ,4
6/11/20,65,24, ,10, ,4
6/12/20,62,24, ,3, ,4
6/13/20,63,16, ,3, ,3
6/14/20,54,27, ,18, ,5
6/15/20,56,32, ,28, ,6
6/16/20,63,28, ,19, ,6
6/17/20,68,28, ,24, ,7
6/18/20,75,22, ,16, ,6
6/19/20,63,25, ,13, ,6
6/20/20,71,27, ,13, ,6
6/21/20,72,28, ,20, ,8
6/22/20,74,18, ,16, ,6
6/23/20,50,21, ,16, ,6
6/24/20,65,23, ,11, ,5
6/25/20,63,23, ,13, ,5
6/26/20,60,24, ,17, ,6
6/27/20,61,30, ,19, ,7
6/28/20,76,25, ,18, ,7
6/29/20,61,28, ,19, ,6
6/30/20,60,27, ,23, ,6
1/1/20,71,37, ,15, ,4
1/2/20,95,44, ,22, ,7
1/3/20,114,13, ,9, ,3
1/4/20,49,15, ,11, ,4
1/5/20,43,31, ,15, ,5
1/6/20,95,48, ,24, ,7
1/7/20,112,39, ,19, ,6
1/8/20,108,27, ,16, ,7
1/9/20,87,29, ,17, ,6
1/10/20,92,15, ,15, ,5
1/11/20,54,25, ,13, ,5
1/12/20,76,25, ,19, ,6
1/13/20,81,44, ,21, ,8
1/14/20,119,44, ,23, ,8
1/15/20,103,50, ,23, ,8
1/16/20,112,45, ,16, ,8
1/17/20,131,46, ,19, ,8
1/18/20,129,42, ,20, ,7
1/19/20,106,36, ,18, ,5
1/20/20,92,33, ,13, ,4
1/21/20,80,18, ,15, ,5
1/22/20,62,22, ,15, ,5
1/23/20,73,45, ,17, ,6
1/24/20,114,33, ,13, ,6
1/25/20,101,38, ,16, ,7
1/26/20,112,56, ,23, ,10
1/27/20,150,42, ,23, ,9
1/28/20,119,15, ,18, ,6
1/29/20,57,15, ,16, ,5
1/30/20,58,13, ,15, ,5
1/31/20,53,17, ,15, ,6
2/1/20,63,12, ,7, ,4
2/2/20,48,24, ,19, ,6
2/3/20,65,19, ,21, ,7
2/4/20,65,25, ,18, ,6
2/5/20,59,20, ,15, ,6
2/6/20,71,35, ,22, ,7
2/7/20,57,56, ,28, ,9
2/8/20,109,46, ,16, ,7
2/9/20,106,14, ,11, ,5
2/10/20,53,11, ,12, ,5
2/11/20,45,17, ,11, ,5
2/12/20,51,25, ,17, ,6
2/13/20,65,33, ,19, ,8
2/14/20,101,35, ,17, ,7
2/15/20,107,34, ,11, ,7
2/16/20,80,32, ,19, ,7
2/17/20,63,17, ,15, ,6
2/18/20,58,25, ,20, ,7
2/19/20,62,30, ,21, ,8
2/20/20,77,22, ,19, ,7
2/21/20,71,24, ,13, ,6
2/22/20,66,12, ,9, ,6
2/23/20,42,13, ,15, ,6
2/24/20,50,19, ,19, ,8
2/25/20,65,18, ,23, ,8
2/26/20,64,21, ,20, ,8
2/27/20,68,33, ,25, ,9
2/28/20,88,31, ,14, ,7
2/29/20,68,26, ,14, ,7
3/1/20,64,25, ,20, ,8
3/2/20,82,25, ,30, ,6
3/3/20,75,31, ,23, ,3
3/4/20,79,46, ,29, ,3
3/5/20,102,30, ,14, ,1
3/6/20,89,30, ,14, ,2
3/7/20,88,29, ,19, ,2
3/8/20,77,39, ,20, ,2
3/9/20,97,42, ,24, ,2
3/10/20,103,19, ,12, , 
3/11/20,51,19, ,10, ,1
3/12/20,54,26, ,16, ,3
3/13/20,54,25, ,11, ,2
3/14/20,44,30, ,12, ,3
3/15/20,67,42, ,18, ,3
3/16/20,76,74, ,27, ,6
3/17/20,119,62, ,25, ,5
3/18/20,107,49, ,15, ,3
3/19/20,103,39, ,15, ,2
3/20/20,64,27, ,6, ,2
3/21/20,53,22, ,3, ,1
3/22/20,49,26, ,7, ,2
3/23/20,64,33, ,12, ,2
3/24/20,73,37, ,11, ,2
3/25/20,83,43, ,10, ,2
3/26/20,96,58, ,12, ,2
3/27/20,133,63, ,11, ,3
3/28/20,153, , , , , 
10/1/19,44,17, ,24, ,7
10/2/19,57,23, ,22, ,7
10/3/19,66,28, ,21, ,7
10/4/19,72,20, ,11, ,4
10/5/19,64,17, ,17, ,5
10/6/19,45,34, ,26, ,7
10/7/19,78,32, ,25, ,7
10/8/19,85,23, ,22, ,7
10/9/19,70,16, ,20, ,6
10/10/19,56,22, ,20, ,6
10/11/19,58,24, ,20, ,6
10/12/19,55,25, ,25, ,7
10/13/19,64,39, ,33, ,9
10/14/19,85,40, ,24, ,6
10/15/19,102,33, ,23, ,7
10/16/19,84,23, ,29, ,8
10/17/19,62,34, ,33, ,9
10/18/19,83,44, ,28, ,9
10/19/19,113,40, ,23, ,8
10/20/19,108,41, ,35, ,10
10/21/19,96,59, ,36, ,11
10/22/19,146,39, ,19, ,7
10/23/19,115,43, ,15, ,6
10/24/19,124,55, ,25, ,11
10/25/19,153,50, ,23, ,10
10/26/19,127,29, ,15, ,5
10/27/19,68,23, ,16, ,5
10/28/19,68,23, ,25, ,7
10/29/19,67,33, ,28, ,8
10/30/19,76,49, ,32, ,9
10/31/19,113,42, ,20, ,7
11/1/19,112,27, ,14, ,6
11/2/19,77,20, ,11, ,6
11/3/19,67,23, ,19, ,7
11/4/19,75,22, ,26, ,8
11/5/19,64,29, ,27, ,8
11/6/19,79,41, ,27, ,10
11/7/19,110,23, ,13, ,5
11/8/19,78,23, ,16, ,5
11/9/19,77,28, ,17, ,5
11/10/19,84,29, ,15, ,4
11/11/19,90,23, ,15, ,4
11/12/19,75,28, ,18, ,5
11/13/19,88,21, ,20, ,4
11/14/19,71,28, ,9, ,3
11/15/19,88,30, ,13, ,4
11/16/19,90,30, ,10, ,4
11/17/19,91,30, ,11, ,3
11/18/19,90,32, ,22, ,5
11/19/19,87,23, ,9, ,3
11/20/19,77,15, ,6, ,2
11/21/19,58,19, ,7, ,2
11/22/19,67,21, ,7, ,2
11/23/19,71,26, ,6, ,3
11/24/19,83,24, ,9, ,3
11/25/19,78,27, ,11, ,4
11/26/19,85,29, ,13, ,5
11/27/19,92,36, ,16, ,7
11/28/19,101,19, ,17, ,3
11/29/19,57,16, ,14, ,3
11/30/19,49,33, ,18, ,5
12/1/19,95,36, ,22, ,5
12/2/19,93,24, ,20, ,4
12/3/19,77,29, ,22, ,5
12/4/19,91,46, ,27, ,6
12/5/19,106,44, ,23, ,6
12/6/19,108,24, ,13, ,4
12/7/19,75,15, ,12, ,3
12/8/19,55,23, ,21, ,6
12/9/19,72,19, ,19, ,4
12/10/19,65,35, ,23, ,5
12/11/19,101,38, ,21, ,6
12/12/19,104,24, ,11, ,3
12/13/19,80,22, ,13, ,4
12/14/19,74,14, ,16, ,4
12/15/19,50,28, ,24, ,6
12/16/19,80,42, ,24, ,8
12/17/19,117,35, ,21, ,6
12/18/19,94,39, ,24, ,7
12/19/19,114,33, ,18, ,5
12/20/19,96,33, ,20, ,6
12/21/19,89,20, ,11, ,5
12/22/19,70,19, ,14, ,6
12/23/19,68,16, ,11, ,4
12/24/19,62,23, ,11, ,4
12/25/19,76,17, ,7, ,3
12/26/19,64,14, ,12, ,4
12/27/19,55,19, ,13, ,3
12/28/19,47,29, ,15, ,4
12/29/19,65, , , , , 
7/1/19,55,36, ,18, ,3
7/2/19,47,30, ,17, ,3
7/3/19,42,32, ,22, ,3
7/4/19,43,25, ,16, ,3
7/5/19,43,21, ,15, ,4
7/6/19,46,20, ,8, ,2
7/7/19,49,23, ,11, ,2
7/8/19,36,17, ,13, ,3
7/9/19,40,21, ,15, ,4
7/10/19,48,25, ,21, ,5
7/11/19,47,28, ,28, ,5
7/12/19,51,33, ,25, ,6
7/13/19,60,17, ,15, ,3
7/14/19,37,26, ,27, ,4
7/15/19,40,30, ,19, ,4
7/16/19,59,24, ,17, ,4
7/17/19,48,29, ,29, ,7
7/18/19,49,37, ,34, ,7
7/19/19,56,28, ,23, ,5
7/20/19,65,25, ,15, ,4
7/21/19,59,27, ,21, ,4
7/22/19,46,35, ,24, ,5
7/23/19,55,30, ,26, ,5
7/24/19,53,31, ,29, ,6
7/25/19,50,20, ,11, ,3
7/26/19,44,19, ,8, ,2
7/27/19,49,23, ,11, ,3
7/28/19,62,26, ,22, ,5
7/29/19,66,36, ,28, ,6
7/30/19,74,24, ,16, ,3
7/31/19,48,32, ,30, ,5
8/1/19,50,35, ,26, ,5
8/2/19,60,31, ,20, ,4
8/3/19,56,24, ,15, ,3
8/4/19,44,34, ,33, ,5
8/5/19,54,35, ,34, ,5
8/6/19,60,34, ,32, ,5
8/7/19,60,25, ,21, ,4
8/8/19,56,24, ,24, ,4
8/9/19,49,23, ,15, ,3
8/10/19,50,22, ,22, ,5
8/11/19,45,29, ,28, ,5
8/12/19,58,33, ,28, ,5
8/13/19,64,30, ,33, ,6
8/14/19,53,21, ,24, ,4
8/15/19,47,29, ,26, ,4
8/16/19,57,34, ,25, ,5
8/17/19,66,22, ,19, ,4
8/18/19,50,24, ,25, ,6
8/19/19,47,24, ,21, ,4
8/20/19,52,21, ,27, ,6
8/21/19,50,19, ,20, ,4
8/22/19,51,21, ,20, ,4
8/23/19,47,24, ,15, ,3
8/24/19,52,19, ,9, ,3
8/25/19,48,26, ,14, ,3
8/26/19,53,33, ,16, ,4
8/27/19,61,33, ,22, ,5
8/28/19,66,46, ,47, ,8
8/29/19,82,31, ,32, ,6
8/30/19,70,18, ,10, ,3
8/31/19,53,22, ,15, ,4
9/1/19,59,31, ,24, ,6
9/2/19,62,21, ,29, ,6
9/3/19,46,35, ,37, ,7
9/4/19,57,30, ,28, ,5
9/5/19,56,36, ,33, ,7
9/6/19,51,32, ,19, ,4
9/7/19,58,24, ,16, ,6
9/8/19,71,30, ,20, ,5
9/9/19,66,16, ,24, ,6
9/10/19,44,30, ,35, ,8
9/11/19,60,34, ,33, ,7
9/12/19,68,31, ,22, ,5
9/13/19,71, , ,16, ,4
9/16/19,16,18, ,14, ,4
9/17/19,37,10, ,15, ,4
9/18/19,25,15, ,21, ,5
9/19/19,45,24, ,26, ,7
9/20/19,53,26, ,17, ,6
9/21/19,64,39, ,30, ,11
9/22/19,84,25, ,14, ,4
9/23/19,66,34, ,19, ,6
9/24/19,82,47, ,20, ,6
9/25/19,106,46, ,24, ,9
9/26/19,120,35, ,17, ,6
9/27/19,94,24, ,20, ,6
9/28/19,75,13, ,16, ,5
9/29/19,46,9, ,15, ,5
9/30/19,36,16, ,19, ,5
4/1/19,47,32, ,9, ,4
4/2/19,54,40, ,9, ,4
4/3/19,71,47, ,11, ,4
4/4/19,91,49, ,14, ,5
4/5/19,93,49, ,10, ,5
4/6/19,89,62, ,26, ,8
4/7/19,111,78, ,42, ,10
4/8/19,133,42, ,13, ,5
4/9/19,76,39, ,14, ,5
4/10/19,69,40, ,17, ,5
4/11/19,75,36, ,14, ,5
4/12/19,72,34, ,11, ,5
4/13/19,78,25, ,6, ,4
4/14/19,58,31, ,17, ,5
4/15/19,60,39, ,20, ,6
4/16/19,75,35, ,22, ,6
4/17/19,72,49, ,31, ,7
4/18/19,82,47, ,24, ,6
4/19/19,70,52, ,14, ,5
4/20/19,71, , , , , 
5/1/19,60,46, ,10, ,5
5/2/19,76,26, ,10, ,5
5/3/19,56,34, ,18, ,6
5/4/19,65,14, ,12, ,6
5/5/19,37,30, ,23, ,7
5/6/19,47,48, ,30, ,8
5/7/19,68,33, ,21, ,6
5/8/19,65,32, ,19, ,6
5/9/19,58,38, ,29, ,9
5/10/19,90,45, ,28, ,9
5/11/19,83,25, ,13, ,6
5/12/19,69,19, ,26, ,8
5/13/19,47,17, ,19, ,7
5/14/19,55,23, ,13, ,7
5/15/19,69,29, ,18, ,9
5/16/19,76,27, ,24, ,9
5/17/19,65,25, ,16, ,7
5/18/19,68,20, ,9, ,7
5/19/19,59,27, ,11, ,7
5/20/19,64,26, ,10, ,6
5/21/19,52,14, ,12, ,7
5/22/19,39,37, ,26, ,9
5/23/19,74,43, ,30, ,7
5/24/19,68,41, ,25, ,4
5/25/19,65,30, ,21, ,3
5/26/19,59,32, ,29, ,4
5/27/19,63,25, ,27, ,5
5/28/19,66,28, ,25, ,4
5/29/19,53,29, ,25, ,3
5/30/19,47,43, ,38, ,5
5/31/19,63,34, ,23, ,5
6/1/19,60,30, ,25, ,5
6/2/19,67,21, ,17, ,2
6/3/19,42,27, ,17, ,3
6/4/19,57,28, ,14, ,3
6/5/19,60,27, ,13, ,2
6/6/19,62,31, ,25, ,4
6/7/19,60,40, ,24, ,5
6/8/19,75,20, ,15, ,2
6/9/19,38,25, ,14, ,3
6/10/19,55,33, ,18, ,4
6/11/19,69,36, ,22, ,4
6/12/19,65,41, ,25, ,4
6/13/19,69,27, ,26, ,5
6/14/19,61,31, ,10, ,3
6/15/19,69,35, ,13, ,4
6/16/19,65,26, ,24, ,5
6/17/19,50, , ,13, ,2
6/21/19,61,16, ,9, ,2
6/22/19,40,13, ,10, ,2
6/23/19,29,22, ,14, ,2
6/24/19,40,28, ,19, ,3
6/25/19,50,40, ,38, ,5
6/26/19,65,44, ,20, ,4
6/27/19,61,30, ,22, ,4
6/28/19,45,34, ,20, ,3
6/29/19,42,31, ,23, ,3
6/30/19,49,38, ,30, ,5
1/1/19,62,8, ,15, ,6
1/2/19,32,38, ,23, ,7
1/3/19,50,33, ,24, ,8
1/4/19,81,15, ,21, ,7
1/5/19,52,21, ,14, ,6
1/6/19,52,53, ,30, ,11
1/7/19,134,52, ,25, ,10
1/8/19,138,46, ,19, ,9
1/9/19,131,48, ,18, ,8
1/10/19,138,49, ,28, ,10
1/11/19,135,29, ,22, ,8
1/12/19,83,22, ,17, ,8
1/13/19,70,11, ,17, ,7
1/14/19,39,21, ,18, ,7
1/15/19,56,23, ,28, ,9
1/16/19,68,32, ,24, ,9
1/17/19,85,24, ,22, ,6
1/18/19,59,48, ,28, ,7
1/19/19,111,64, ,27, ,9
1/20/19,150,53, ,23, ,6
1/21/19,138,53, ,24, ,6
1/22/19,132,42, ,16, ,4
1/23/19,109,27, ,13, ,3
1/24/19,75,31, ,22, ,5
1/25/19,89,61, ,25, ,7
1/26/19,157,61, ,17, ,7
1/27/19,154,46, ,26, ,6
1/28/19,125,42, ,25, ,8
1/29/19,117,44, ,21, ,6
1/30/19,125,39, ,20, ,7
1/31/19,111,41, ,19, ,6
2/1/19,123,22, ,14, ,4
2/2/19,71,49, ,19, ,7
2/3/19,138,20, ,20, ,5
2/4/19,65,39, ,24, ,5
2/5/19,100,49, ,27, ,6
2/6/19,118,50, ,27, ,5
2/7/19,113,57, ,30, ,7
2/8/19,132,49, ,22, ,6
2/9/19,124,35, ,15, ,4
2/10/19,89,27, ,18, ,4
2/11/19,75,26, ,19, ,4
2/12/19,50,26, ,18, ,4
2/13/19,80,36, ,25, ,5
2/14/19,76,56, ,22, ,6
2/15/19,135,52, ,22, ,7
2/16/19,117,54, ,19, ,5
2/17/19,110,66, ,32, ,7
2/18/19,138,70, ,26, ,6
2/19/19,140,41, ,16, ,4
2/20/19,68,30, ,22, ,5
2/21/19,85,30, ,17, ,3
2/22/19,46,50, ,21, ,5
2/23/19,74,57, ,15, ,5
2/24/19,114,63, ,20, ,6
2/25/19,136,61, ,23, ,5
2/26/19,90,49, ,22, ,5
2/27/19,84,66, ,21, ,5
2/28/19,119,58, ,26, ,5
3/1/19,94,58, ,27, ,6
3/2/19,86,48, ,16, ,6
3/3/19,120,31, ,19, ,5
3/4/19,61,30, ,12, ,4
3/5/19,54,33, ,25, ,6
3/6/19,80,45, ,28, ,6
3/7/19,87,38, ,16, ,4
3/8/19,58,22, ,18, ,5
3/9/19,59,19, ,12, ,4
3/10/19,47,28, ,17, ,4
3/11/19,60,56, ,24, ,5
3/12/19,88,55, ,28, ,6
3/13/19,100,39, ,24, ,6
3/14/19,82,19, ,23, ,6
3/15/19,64,19, ,14, ,5
3/16/19,45,32, ,24, ,7
3/17/19,68,32, ,21, ,5
3/18/19,55,43, ,20, ,5
3/19/19,79,59, ,25, ,6
3/20/19,98,56, ,22, ,6
3/21/19,95,48, ,23, ,6
3/22/19,84,52, ,28, ,7
3/23/19,97,52, ,18, ,5
3/24/19,75,56, ,32, ,7
3/25/19,93,28, ,18, ,5
3/26/19,66,36, ,22, ,5
3/27/19,59,48, ,26, ,6
3/28/19,84,47, ,22, ,6
3/29/19,89,54, ,22, ,7
3/30/19,103,57, ,22, ,7
3/31/19,111,25, ,15, ,4
10/1/18,86,41, ,24, ,5
10/2/18,78,18, ,16, ,4
10/3/18,38,30, ,27, ,6
10/4/18,63,41, ,36, ,7
10/5/18,84,39, ,29, ,6
10/6/18,91,39, ,23, ,5
10/7/18,77,35, ,31, ,6
10/8/18,63,51, ,35, ,8
10/9/18,105,55, ,41, ,9
10/10/18,129,48, ,22, ,4
10/11/18,118,48, ,29, ,5
10/12/18,109,50, ,24, ,5
10/13/18,121,44, ,16, ,4
10/14/18,107,45, ,29, ,5
10/15/18,86,56, ,40, ,8
10/16/18,118,68, ,48, ,10
10/17/18,136,74, ,58, ,13
10/18/18,151,62, ,41, ,10
10/19/18,143,36, ,29, ,8
10/20/18,98,23, ,30, ,7
10/21/18,66,36, ,28, ,7
10/22/18,90,13, ,17, ,4
10/23/18,47,6, ,20, ,4
10/24/18,16,9, ,21, ,4
10/25/18,37,19, ,27, ,5
10/26/18,50,31, ,19, ,5
10/27/18,77,17, ,13, ,4
10/28/18,54,20, ,12, ,4
10/29/18,62,25, ,19, ,5
10/30/18,61,36, ,38, ,8
10/31/18,67,38, ,13, ,5
11/1/18,94,51, ,27, ,8
11/2/18,101,26, ,19, ,5
11/3/18,80,21, ,8, ,4
11/4/18,69,39, ,14, ,5
11/5/18,106,42, ,20, ,6
11/6/18,109,47, ,16, ,5
11/7/18,124,61, ,32, ,12
11/8/18,142,67, ,25, ,11
11/9/18,159,65, ,15, ,7
11/10/18,158,54, ,12, ,6
11/11/18,146,56, ,15, ,6
11/12/18,150,50, ,23, ,8
11/13/18,133,24, ,22, ,6
11/14/18,74,22, ,23, ,5
11/15/18,62,25, ,13, ,4
11/16/18,73,46, ,18, ,6
11/17/18,117,57, ,21, ,9
11/18/18,150,13, ,10, ,4
11/19/18,52,18, ,11, ,4
11/20/18,60,23, ,12, ,3
11/21/18,73,29, ,19, ,4
11/22/18,84,40, ,20, ,5
11/23/18,111,52, ,16, ,8
11/24/18,144,60, ,16, ,11
11/25/18,158,25, ,11, ,5
11/26/18,78,58, ,31, ,10
11/27/18,128,42, ,21, ,6
11/28/18,108,24, ,13, ,4
11/29/18,68,27, ,14, ,4
11/30/18,74,54, ,22, ,8
12/1/18,129,61, ,18, ,9
12/2/18,150,36, ,22, ,9
12/3/18,103,32, ,23, ,8
12/4/18,94,33, ,26, ,7
12/5/18,87,49, ,23, ,8
12/6/18,131,35, ,25, ,10
12/7/18,101,24, ,20, ,7
12/8/18,70,16, ,18, ,7
12/9/18,58,17, ,18, ,6
12/10/18,55,39, ,27, ,8
12/11/18,91,36, ,22, ,7
12/12/18,101,21, ,16, ,6
12/13/18,66,27, ,15, ,7
12/14/18,82,25, ,11, ,6
12/15/18,78,26, ,12, ,6
12/16/18,81,57, ,29, ,12
12/17/18,137,78, ,33, ,14
12/18/18,172,52, ,19, ,8
12/19/18,138,46, ,21, ,8
12/20/18,119,53, ,28, ,11
12/21/18,138,16, ,15, ,7
12/22/18,59,19, ,13, ,6
12/23/18,61,13, ,15, ,7
12/24/18,53,21, ,9, ,6
12/25/18,65,14, ,7, ,5
12/26/18,53,21, ,14, ,7
12/27/18,67,18, ,20, ,7
12/28/18,57,25, ,20, ,7
12/29/18,72,22, ,16, ,7
12/30/18,73, , , , , 
7/1/18,36,20, ,16, ,4
7/2/18,41,32, ,27, ,5
7/3/18,45,39, ,38, ,7
7/4/18,54,40, ,46, ,6
7/5/18,53,32, ,26, ,5
7/6/18,52,37, ,18, ,4
7/7/18,60,24, ,14, ,4
7/8/18,50,24, ,25, ,5
7/9/18,42,21, ,15, ,4
7/10/18,44,28, ,26, ,6
7/11/18,63,31, ,33, ,7
7/12/18,74,31, ,26, ,6
7/13/18,62,19, ,14, ,5
7/14/18,60,19, ,13, ,5
7/15/18,60,23, ,25, ,7
7/16/18,63,16, ,19, ,6
7/17/18,50,23, ,19, ,6
7/18/18,64,39, ,21, ,7
7/19/18,80,43, ,23, ,7
7/20/18,80,42, ,26, ,7
7/21/18,67,37, ,26, ,8
7/22/18,71,37, ,28, ,7
7/23/18,60,45, ,35, ,7
7/24/18,64,33, ,17, ,5
7/25/18,62,33, ,22, ,7
7/26/18,61,31, ,14, ,5
7/27/18,60,31, ,12, ,5
7/28/18,69,33, ,12, ,5
7/29/18,70,29, ,18, ,6
7/30/18,63,38, ,20, ,6
7/31/18,76,32, ,19, ,6
8/1/18,69,32, ,20, ,6
8/2/18,60,58, ,38, ,8
8/3/18,77,48, ,29, ,6
8/4/18,74,23, ,17, ,4
8/5/18,47,33, ,25, ,5
8/6/18,48,40, ,35, ,6
8/7/18,57,29, ,21, ,4
8/8/18,50,32, ,16, ,3
8/9/18,57,40, ,25, ,5
8/10/18,68,18, ,23, ,5
8/11/18,55,18, ,19, ,4
8/12/18,38,30, ,32, ,5
8/13/18,59,37, ,34, ,7
8/14/18,66,24, ,16, ,4
8/15/18,57,21, ,22, ,5
8/16/18,45,23, ,19, ,4
8/17/18,49,36, ,27, ,6
8/18/18,67,39, ,31, ,7
8/19/18,76,44, ,35, ,6
8/20/18,74,36, ,25, ,5
8/21/18,51,23, ,18, ,4
8/22/18,41,33, ,19, ,4
8/23/18,62,45, ,32, ,6
8/24/18,85,25, ,22, ,5
8/25/18,66,17, ,18, ,4
8/26/18,53,23, ,28, ,6
8/27/18,52,44, ,33, ,6
8/28/18,71,26, ,27, ,5
8/29/18,57,28, ,22, ,4
8/30/18,68,37, ,31, ,6
8/31/18,74,25, ,20, ,5
9/1/18,62,23, ,8, ,3
9/2/18,61,28, ,14, ,4
9/3/18,63,44, ,26, ,5
9/4/18,78,39, ,26, ,6
9/5/18,80,42, ,31, ,7
9/6/18,79,53, ,31, ,8
9/7/18,90,46, ,20, ,5
9/8/18,93,30, ,20, ,5
9/9/18,75,31, ,33, ,7
9/10/18,62,42, ,36, ,7
9/11/18,70,40, ,41, ,8
9/12/18,60,23, ,16, ,4
9/13/18,45,18, ,19, ,4
9/14/18,51,33, ,23, ,5
9/15/18,78,31, ,27, ,6
9/16/18,62,34, ,42, ,8
9/17/18,62,44, ,41, ,7
9/18/18,89,45, ,48, ,7
9/19/18,80,52, ,61, ,9
9/20/18,93,47, ,39, ,6
9/21/18,94,32, ,17, ,4
9/22/18,50,20, ,19, ,4
9/23/18,55,9, ,16, ,4
9/24/18,29,24, ,29, ,5
9/25/18,43,26, ,28, ,5
9/26/18,59,29, ,20, ,4
9/27/18,61,31, ,27, ,6
9/28/18,62,35, ,32, ,8
9/29/18,61,24, ,28, ,5
9/30/18,59,46, ,42, ,9
4/1/18,96,23, ,11, ,16
4/2/18,71,73, ,32, ,19
4/3/18,135,64, ,32, ,22
4/4/18,117,86, ,31, ,19
4/5/18,115,135, ,27, ,17
4/6/18,96,70, ,25, ,19
4/7/18,99,77, ,17, ,20
4/8/18,137,146, ,29, ,20
4/9/18,103,135, ,19, ,12
4/10/18,103,59, ,8, ,8
4/11/18,89,49, ,11, ,8
4/12/18,98,50, ,13, ,4
4/13/18,97,50, ,30, ,4
4/14/18,84,35, ,20, ,2
4/15/18,80,62, ,33, ,4
4/16/18,100,44, ,32, ,4
4/17/18,88,54, ,34, ,3
4/18/18,82,56, ,31, ,3
4/19/18,74,61, ,44, ,5
4/20/18,70,64, ,26, ,3
4/21/18,74,42, ,25, ,2
4/22/18,54,47, ,36, ,3
4/23/18,66,47, ,26, ,3
4/24/18,88,44, ,26, ,3
4/25/18,77,35, ,28, ,3
4/26/18,58,32, ,21, ,3
4/27/18,78,57, ,33, ,6
4/28/18,83,46, ,21, ,3
4/29/18,86,39, ,19, ,2
4/30/18,71,45, ,15, ,2
5/1/18,73,38, ,12, ,1
5/2/18,57,48, ,13, ,2
5/3/18,67,59, ,22, ,2
5/4/18,72,47, ,18, ,2
5/5/18,52,29, ,13, ,1
5/6/18,43,40, ,19, ,2
5/7/18,49,41, ,16, ,2
5/8/18,51,46, ,20, ,2
5/9/18,64,43, ,20, ,2
5/10/18,67,45, ,19, ,2
5/11/18,69,38, ,14, ,1
5/12/18,52,40, ,11, ,1
5/13/18,56,38, ,12, ,1
5/14/18,61,29, ,16, ,2
5/15/18,67, , , , , 
5/17/18,57,39, ,28, ,4
5/18/18,71,43, ,23, ,3
5/19/18,63,21, ,11, ,1
5/20/18,39,23, ,14, ,1
5/21/18,42,27, ,24, ,2
5/22/18,55,36, ,27, ,3
5/23/18,68,29, ,17, ,2
5/24/18,52,35, ,25, ,3
5/25/18,64,34, ,21, ,3
5/26/18,87,27, ,12, ,2
5/27/18,64,34, ,20, ,2
5/28/18,55,32, ,22, ,1
5/29/18,48,41, ,37, ,5
5/30/18,58,34, ,21, ,4
5/31/18,62,37, ,15, ,3
6/1/18,62,30, ,15, ,3
6/2/18,75,42, ,26, ,5
6/3/18,84,48, ,33, ,5
6/4/18,87,42, ,25, ,4
6/5/18,67,20, ,14, ,2
6/6/18,27,26, ,19, ,3
6/7/18,36,39, ,27, ,3
6/8/18,49,36, ,17, ,3
6/9/18,45,32, ,22, ,4
6/10/18,53,48, ,33, ,6
6/11/18,86,45, ,32, ,6
6/12/18,79,33, ,25, ,5
6/13/18,55,36, ,27, ,5
6/14/18,57,36, ,29, ,5
6/15/18,54,32, ,15, ,3
6/16/18,56,39, ,27, ,5
6/17/18,62,46, ,41, ,7
6/18/18,77,52, ,30, ,5
6/19/18,69,50, ,36, ,6
6/20/18,65,59, ,41, ,6
6/21/18,65,35, ,17, ,3
6/22/18,41,35, ,17, ,4
6/23/18,55,16, ,15, ,4
6/24/18,47,18, ,24, ,5
6/25/18,54,26, ,25, ,6
6/26/18,68,22, ,15, ,4
6/27/18,54,29, ,16, ,4
6/28/18,58,41, ,31, ,6
6/29/18,62,25, ,16, ,4
6/30/18,35,24, ,14, ,4
1/1/18,96,55, ,18, ,10
1/2/18,147,34, ,18, ,8
1/3/18,88,25, ,18, ,8
1/4/18,64,27, ,19, ,7
1/5/18,76,38, ,14, ,8
1/6/18,105,37, ,15, ,8
1/7/18,93,78, ,38, ,13
1/8/18,131,78, ,26, ,12
1/9/18,160,51, ,17, ,8
1/10/18,114,40, ,14, ,8
1/11/18,107,34, ,14, ,7
1/12/18,89,44, ,10, ,7
1/13/18,89,43, ,9, ,7
1/14/18,97,54, ,14, ,7
1/15/18,122,70, ,13, ,8
1/16/18,137,39, ,15, ,8
1/17/18,110,34, ,21, ,8
1/18/18,100,27, ,16, ,8
1/19/18,84,53, ,24, ,10
1/20/18,143,68, ,15, ,11
1/21/18,159,51, ,18, ,9
1/22/18,123,56, ,18, ,10
1/23/18,142,56, ,23, ,10
1/24/18,152,50, ,27, ,11
1/25/18,135,70, ,27, ,12
1/26/18,159,80, ,20, ,14
1/27/18,175,35, ,11, ,10
1/28/18,101,18, ,11, ,9
1/29/18,63,15, ,10, ,8
1/30/18,41,40, ,21, ,10
1/31/18,84,42, ,24, ,12
2/1/18,118,39, ,31, ,11
2/2/18,107,68, ,18, ,14
2/3/18,160,43, ,15, ,11
2/4/18,104,85, ,21, ,9
2/5/18,91,48, ,27, ,11
2/6/18,115,114, ,25, ,14
2/7/18,170,56, ,19, ,13
2/8/18,149,48, ,23, ,12
2/9/18,128,61, ,23, ,12
2/10/18,150,65, ,17, ,13
2/11/18,156,57, ,26, ,14
2/12/18,150,85, ,30, ,16
2/13/18,171,60, ,21, ,14
2/14/18,151,46, ,20, ,12
2/15/18,124,56, ,23, ,13
2/16/18,150,51, ,17, ,12
2/17/18,143,53, ,18, ,12
2/18/18,104,71, ,29, ,13
2/19/18,145,62, ,22, ,14
2/20/18,124,61, ,19, ,13
2/21/18,127,59, ,17, ,12
2/22/18,136,63, ,23, ,13
2/23/18,137,56, ,15, ,12
2/24/18,117,65, ,12, ,11
2/25/18,116,97, ,17, ,12
2/26/18,145,94, ,20, ,13
2/27/18,150,72, ,15, ,12
2/28/18,119,61, ,19, ,13
3/1/18,120,76, ,21, ,14
3/2/18,152,66, ,24, ,14
3/3/18,157,78, ,29, ,15
3/4/18,158,151, ,33, ,18
3/5/18,179,87, ,28, ,17
3/6/18,164,65, ,25, ,18
3/7/18,160,65, ,27, ,17
3/8/18,152,54, ,26, ,15
3/9/18,126,63, ,26, ,16
3/10/18,145,65, ,22, ,18
3/11/18,150,47, ,23, ,18
3/12/18,102,51, ,21, ,16
3/13/18,97,42, ,20, ,16
3/14/18,99,41, ,17, ,17
3/15/18,100,32, ,11, ,15
3/16/18,77,25, ,7, ,14
3/17/18,60,43, ,7, ,14
3/18/18,66,63, ,19, ,15
3/19/18,93,80, ,30, ,16
3/20/18,139,61, ,27, ,15
3/21/18,80,71, ,27, ,15
3/22/18,132,67, ,31, ,19
3/23/18,160,87, ,25, ,20
3/24/18,171,74, ,32, ,18
3/25/18,157,86, ,32, ,17
3/26/18,158,55, ,25, ,18
3/27/18,105,54, ,21, ,18
3/28/18,112,42, ,22, ,19
3/29/18,118,61, ,27, ,18
3/30/18,119,58, ,12, ,20
3/31/18,145,31, ,5, ,18
10/1/17,89,47, ,21, ,5
10/2/17,101,37, ,32, ,8
10/3/17,100,28, ,21, ,5
10/4/17,70,15, ,28, ,6
10/5/17,49,14, ,23, ,4
10/6/17,45,19, ,15, ,4
10/7/17,60,16, ,20, ,4
10/8/17,54,19, ,17, ,3
10/9/17,46,29, ,27, ,5
10/10/17,71,23, ,20, ,4
10/11/17,72, , ,21, ,4
10/13/17,75,42, ,16, ,4
10/14/17,94,30, ,14, ,4
10/15/17,77,55, ,33, ,7
10/16/17,104,71, ,43, ,10
10/17/17,137,88, ,51, ,14
10/18/17,155,59, ,18, ,5
10/19/17,134,55, ,23, ,8
10/20/17,126,51, ,22, ,8
10/21/17,138,36, ,9, ,6
10/22/17,104,31, ,12, ,6
10/23/17,90,42, ,19, ,5
10/24/17,104,36, ,20, ,6
10/25/17,102,24, ,14, ,4
10/26/17,65,28, ,13, ,5
10/27/17,76,15, ,7, ,3
10/28/17,56,7, ,5, ,3
10/29/17,27,17, ,11, ,3
10/30/17,31,32, ,20, ,4
10/31/17,60,32, ,9, ,3
11/1/17,93,22, ,15, ,4
11/2/17,74,29, ,22, ,6
11/3/17,80,44, ,22, ,6
11/4/17,105,38, ,18, ,5
11/5/17,104,59, ,25, ,8
11/6/17,133,44, ,19, ,5
11/7/17,114,36, ,16, ,3
11/8/17,95,45, ,18, ,6
11/9/17,112,52, ,22, ,7
11/10/17,129,17, ,14, ,4
11/11/17,56,26, ,16, ,5
11/12/17,79,33, ,20, ,7
11/13/17,99,39, ,20, ,6
11/14/17,95,49, ,22, ,7
11/15/17,118,67, ,22, ,10
11/16/17,156,61, ,24, ,8
11/17/17,145,43, ,21, ,6
11/18/17,100,23, ,12, ,4
11/19/17,72,19, ,19, ,5
11/20/17,61,50, ,26, ,7
11/21/17,121,56, ,18, ,8
11/22/17,149,46, ,17, ,8
11/23/17,122,59, ,25, ,11
11/24/17,149,52, ,21, ,8
11/25/17,135,32, ,15, ,5
11/26/17,82,55, ,23, ,9
11/27/17,140,56, ,21, ,8
11/28/17,137,54, ,22, ,10
11/29/17,146,51, ,20, ,8
11/30/17,134,42, ,16, ,6
12/1/17,121,51, ,20, ,9
12/2/17,136,66, ,20, ,11
12/3/17,160,44, ,18, ,7
12/4/17,119,29, ,20, ,6
12/5/17,86,15, ,11, ,5
12/6/17,55,38, ,20, ,7
12/7/17,104,43, ,24, ,8
12/8/17,103,45, ,23, ,8
12/9/17,109,38, ,15, ,6
12/10/17,97,27, ,23, ,7
12/11/17,77,36, ,19, ,7
12/12/17,69,52, ,24, ,8
12/13/17,96,35, ,21, ,7
12/14/17,101,71, ,25, ,9
12/15/17,118,48, ,18, ,8
12/16/17,129,58, ,22, ,11
12/17/17,145,68, ,23, ,11
12/18/17,154,45, ,20, ,8
12/19/17,109,44, ,23, ,9
12/20/17,122,42, ,21, ,9
12/21/17,119,23, ,19, ,7
12/22/17,71,23, ,11, ,6
12/23/17,75,11, ,5, ,5
12/24/17,44,16, ,6, ,5
12/25/17,58,39, ,13, ,7
12/26/17,110,49, ,19, ,9
12/27/17,132,44, ,22, ,8
12/28/17,101,37, ,17, ,8
12/29/17,105,57, ,16, ,8
12/30/17,147, , , , , 
7/1/17,30,16, ,9, ,4
7/2/17,40,27, ,20, ,6
7/3/17,49,25, ,22, ,7
7/4/17,48,30, ,27, ,7
7/5/17,55,35, ,31, ,8
7/6/17,58,35, ,32, ,8
7/7/17,58,26, ,19, ,5
7/8/17,58,27, ,17, ,6
7/9/17,60,29, ,21, ,6
7/10/17,65,32, ,21, ,7
7/11/17,70,34, ,30, ,8
7/12/17,68,24, ,24, ,7
7/13/17,49,35, ,26, ,8
7/14/17,52,29, ,19, ,6
7/15/17,52,23, ,22, ,7
7/16/17,50,33, ,27, ,8
7/17/17,65,39, ,32, ,9
7/18/17,55,38, ,30, ,7
7/19/17,69,41, ,36, ,9
7/20/17,72,47, ,36, ,10
7/21/17,94,31, ,13, ,6
7/22/17,70,25, ,13, ,6
7/23/17,67,35, ,22, ,7
7/24/17,65,21, ,16, ,6
7/25/17,61,25, ,27, ,8
7/26/17,56,27, ,25, ,7
7/27/17,49,27, ,27, ,8
7/28/17,61,28, ,20, ,7
7/29/17,56,27, ,21, ,7
7/30/17,59,38, ,33, ,8
7/31/17,61,34, ,29, ,7
8/1/17,70,46, ,35, ,8
8/2/17,68,39, ,36, ,8
8/3/17,74,45, ,26, ,7
8/4/17,63,42, ,23, ,8
8/5/17,58,28, ,15, ,6
8/6/17,59,30, ,27, ,5
8/7/17,44,27, ,16, ,2
8/8/17,47,30, ,27, ,4
8/9/17,58,34, ,31, ,5
8/10/17,74,42, ,17, ,3
8/11/17,94,27, ,17, ,3
8/12/17,58,15, ,18, ,3
8/13/17,50,19, ,22, ,4
8/14/17,43,15, ,10, ,2
8/15/17,39,30, ,24, ,3
8/16/17,54,23, ,22, ,4
8/17/17,62,55, ,23, ,4
8/18/17,85,31, ,22, ,4
8/19/17,67,23, ,22, ,5
8/20/17,70,22, ,26, ,6
8/21/17,57,18, ,20, ,5
8/22/17,52,19, ,22, ,5
8/23/17,54,30, ,34, ,7
8/24/17,59,48, ,36, ,7
8/25/17,84,36, ,26, ,5
8/26/17,73,26, ,14, ,4
8/27/17,65,22, ,26, ,5
8/28/17,51,27, ,29, ,5
8/29/17,51,32, ,23, ,4
8/30/17,72,41, ,37, ,6
8/31/17,73,28, ,21, ,5
9/1/17,67,9, ,16, ,4
9/2/17,34,15, ,20, ,5
9/3/17,51,14, ,17, ,4
9/4/17,46,14, ,24, ,7
9/5/17,48, , , , , 
9/10/17,67,39, ,28, ,7
9/11/17,88,23, ,33, ,8
9/12/17,63,26, ,24, ,5
9/13/17,52,18, ,25, ,5
9/14/17,33,23, ,26, ,6
9/15/17,49,26, ,15, ,4
9/16/17,67,31, ,18, ,5
9/17/17,82,21, ,24, ,6
9/18/17,55,44, ,38, ,8
9/19/17,90,27, ,27, ,6
9/20/17,75,25, ,28, ,7
9/21/17,72,23, ,27, ,8
9/22/17,66,31, ,13, ,4
9/23/17,76,33, ,10, ,4
9/24/17,75,29, ,13, ,4
9/25/17,70,49, ,16, ,5
9/26/17,87,36, ,16, ,4
9/27/17,72,27, ,14, ,3
9/28/17,64,31, ,14, ,3
9/29/17,68,34, ,12, ,4
9/30/17,76,36, ,10, ,3
4/4/17,68,57, ,32, ,5
4/5/17,83,18, ,28, ,4
4/6/17,49,44, ,33, ,6
4/7/17,72,45, ,24, ,4
4/8/17,68,52, ,24, ,5
4/9/17,106,51, ,31, ,6
4/10/17,94,46, ,21, ,3
4/11/17,61,33, ,29, ,5
4/12/17,84,19, ,21, ,4
4/13/17,60,17, ,19, ,3
4/14/17,54,32, ,16, ,4
4/15/17,84,13, ,12, ,3
4/16/17,44,14, ,9, ,3
4/17/17,50,15, ,10, ,2
4/18/17,50,24, ,14, ,3
4/19/17,56,36, ,22, ,4
4/20/17,64,59, ,25, ,5
4/21/17,106,28, ,14, ,3
4/22/17,57,24, ,15, ,4
4/23/17,49,33, ,25, ,5
4/24/17,61,43, ,28, ,6
4/25/17,83,19, ,36, ,6
4/26/17,63,25, ,26, ,5
4/27/17,73,23, ,23, ,5
4/28/17,73,28, ,25, ,6
4/29/17,66,24, ,13, ,4
4/30/17,69,13, ,6, ,3
5/1/17,43,13, ,6, ,3
5/2/17,44,19, ,7, ,3
5/3/17,64,21, ,14, ,4
5/4/17,63,30, ,21, ,5
5/5/17,73,48, ,23, ,5
5/6/17,83,36, ,14, ,5
5/7/17,100,23, ,27, ,6
5/8/17,59,25, ,23, ,5
5/9/17,47,37, ,31, ,6
5/10/17,75,26, ,21, ,5
5/11/17,76,33, ,14, ,4
5/12/17,81,36, ,19, ,5
5/13/17,76,39, ,26, ,6
5/14/17,84,52, ,38, ,7
5/15/17,86,36, ,28, ,6
5/16/17,65,35, ,28, ,5
5/17/17,53,36, ,26, ,5
5/18/17,59,32, ,22, ,4
5/19/17,52,46, ,24, ,5
5/20/17,63,46, ,15, ,4
5/21/17,73,40, ,29, ,6
5/22/17,51,45, ,34, ,6
5/23/17,56,40, ,40, ,8
5/24/17,79,33, ,30, ,6
5/25/17,59,44, ,21, ,5
5/26/17,71,43, ,41, ,13
5/27/17,74,31, ,29, ,7
5/28/17,53,41, ,29, ,6
5/29/17,62,53, ,34, ,7
5/30/17,68,50, ,20, ,5
5/31/17,67,47, ,26, ,5
6/1/17,62,46, ,26, ,5
6/2/17,57,24, ,13, ,4
6/3/17,33,25, ,14, ,5
6/4/17,52,33, ,27, ,6
6/5/17,58,26, ,18, ,4
6/6/17,60,32, ,24, ,5
6/7/17,51,42, ,35, ,7
6/8/17,61,43, ,40, ,7
6/9/17,64,34, ,20, ,5
6/10/17,59,26, ,20, ,5
6/11/17,48,35, ,32, ,7
6/12/17,64,30, ,14, ,4
6/13/17,53,27, ,20, ,5
6/14/17,52,22, ,15, ,5
6/15/17,49,29, ,24, ,6
6/16/17,64,24, ,17, ,5
6/17/17,52,24, ,18, ,5
6/18/17,54,32, ,25, ,6
6/19/17,54,37, ,29, ,6
6/20/17,62,31, ,25, ,6
6/21/17,46,40, ,33, ,7
6/22/17,56,29, ,28, ,7
6/23/17,68,24, ,13, ,5
6/24/17,59,25, ,16, ,5
6/25/17,56,23, ,21, ,6
6/26/17,52,31, ,33, ,7
6/27/17,58,22, ,16, ,6
6/28/17,63,25, ,26, ,7
6/29/17,61,20, ,18, ,5
6/30/17,39,12, ,10, ,5
1/2/17,110,28, ,18, ,6
1/3/17,80,13, ,15, ,5
1/4/17,46,33, ,23, ,6
1/5/17,51,83, ,15, ,5
1/6/17,80,57, ,25, ,9
1/7/17,127,119, ,31, ,15
1/8/17,186,107, ,37, ,16
1/9/17,176,66, ,21, ,9
1/10/17,164,80, ,25, ,11
1/11/17,160,42, ,22, ,7
1/12/17,107,49, ,25, ,10
1/13/17,131,27, ,19, ,7
1/14/17,84,45, ,24, ,9
1/15/17,117,53, ,31, ,12
1/16/17,133,69, ,20, ,11
1/17/17,168,60, ,32, ,13
1/18/17,150,47, ,25, ,8
1/19/17,127,50, ,20, ,7
1/20/17,139,32, ,18, ,7
1/21/17,94,30, ,18, ,6
1/22/17,94,65, ,31, ,10
1/23/17,146,71, ,20, ,8
1/24/17,168,37, ,21, ,6
1/25/17,100,67, ,36, ,8
1/26/17,128,93, ,46, ,11
1/27/17,172,80, ,24, ,7
1/28/17,173,55, ,19, ,3
1/29/17,141,58, ,25, ,4
1/30/17,149,61, ,27, ,5
1/31/17,155,63, ,24, ,5
2/1/17,159,74, ,31, ,8
2/2/17,168,65, ,27, ,8
2/3/17,162,40, ,16, ,3
2/4/17,117,34, ,12, ,2
2/5/17,103,37, ,13, ,2
2/6/17,108,25, ,15, ,2
2/7/17,79,16, ,10, ,2
2/8/17,58, , , , , 
10/1/16,78,40, ,29, ,7
10/2/16,91,31, ,23, ,9
10/3/16,79,41, ,16, ,7
10/4/16,42,11, ,20, ,8
10/5/16,27,18, ,22, ,10
10/6/16,49,34, ,31, ,10
10/7/16,77,21, ,17, ,9
10/8/16,63,24, ,18, ,9
10/9/16,75,23, ,22, ,8
10/10/16,70,12, ,10, ,9
10/11/16,39,15, ,9, ,10
10/12/16,48,29, ,15, ,25
10/13/16,62,34, ,20, ,48
10/14/16,78,30, ,11, ,4
10/15/16,81,24, ,10, ,4
10/16/16,69,26,16,19, ,3
10/17/16,64,33, ,17, ,4
10/18/16,90,43, ,16, ,5
10/19/16,115,40, ,13, ,4
10/20/16,113,29, ,18, ,4
10/21/16,85,26, ,19, ,6
10/22/16,79,36, ,16, ,5
10/23/16,98,32, ,16, ,5
10/24/16,87,34, ,24, ,7
10/25/16,94,38, ,31, ,8
10/26/16,83,54, ,37, ,9
10/27/16,111,43, ,24, ,6
10/28/16,109,13,19,14,3,3
10/29/16,42,12, ,14, ,3
10/30/16,38,14, ,16, ,4
10/31/16,45,18, ,12, ,5
11/1/16,59,25, ,15, ,4
11/2/16,60,20, ,18, ,4
11/3/16,50,59, ,30, ,7
11/4/16,89,47, ,23, ,7
11/5/16,114,34, ,22, ,7
11/6/16,97,36, ,28, ,7
11/7/16,101,42, ,23, ,8
11/8/16,107,38, ,24, ,10
11/9/16,106,48, ,27, ,8
11/10/16,117,35, ,13, ,6
11/11/16,100,43, ,16, ,8
11/12/16,112,38, ,22, ,8
11/13/16,109,43, ,73, ,8
11/14/16,108,54,18,117,2,8
11/15/16,212,30,19,119,2,8
11/16/16,201,31, ,128, ,5
11/17/16,209,42, ,133, ,5
11/18/16,214,41, ,152, ,6
11/19/16,227,20, ,134, ,4
11/20/16,214,30, ,142, ,4
11/21/16,231,29, ,140, ,3
11/22/16,233,46, ,157, ,5
11/23/16,237,61, ,173, ,9
11/24/16,283,47, ,96, ,9
11/25/16,210,48, ,20, ,6
11/26/16,116,25, ,14, ,5
11/27/16,71,29, ,23, ,6
11/28/16,51,30, ,23, ,7
11/29/16,84,40, ,30, ,6
11/30/16,99,34, ,24, ,9
12/1/16,89,26, ,25, ,8
12/2/16,69,14, ,17, ,6
12/3/16,48,28, ,18, ,6
12/4/16,80,49, ,25, ,8
12/5/16,118,39, ,27, ,8
12/6/16,104,44, ,31, ,10
12/7/16,120,27, ,18, ,7
12/8/16,78,30, ,17, ,8
12/9/16,86,28, ,13, ,8
12/10/16,83,23, ,16, ,8
12/11/16,71,35, ,21, ,7
12/12/16,48,92, ,30, ,9
12/13/16,137,40, ,23, ,6
12/14/16,107,30, ,26, ,6
12/15/16,70,62, ,38, ,14
12/16/16,137,61, ,21, ,9
12/17/16,150,45, ,16, ,8
12/18/16,122,46, ,18, ,7
12/19/16,115,42, ,25, ,9
12/20/16,111,48, ,25, ,11
12/21/16,116,65, ,28, ,12
12/22/16,156,47, ,19, ,8
12/23/16,124,34, ,14, ,7
12/24/16,94,20, ,10, ,5
12/25/16,65,17, ,7, ,5
12/26/16,55,10, ,11, ,4
12/27/16,31,23, ,21, ,5
12/28/16,39,39, ,28, ,8
12/29/16,97,51, ,20, ,6
12/30/16,133,49, ,16, ,6
12/31/16,127,44, ,15, ,6
1/1/17,114,44, ,16, ,6
7/1/16,55,29, ,30, ,4
7/2/16,58,20, ,19, ,3
7/3/16,42,24, ,25, ,3
7/4/16,36,30, ,39, ,5
7/5/16,43,26, ,17, ,2
7/6/16,35,18, ,17, ,3
7/7/16,34,26, ,32, ,5
7/8/16,44,22, ,18, ,3
7/9/16,41,17, ,21, ,3
7/10/16,35,24, ,35, ,4
7/11/16,51,30, ,41, ,7
7/12/16,63,24, ,32, ,6
7/13/16,61,18, ,19, ,4
7/14/16,46,12, ,16, ,3
7/15/16,24,21, ,23, ,4
7/16/16,45,21, ,22, ,4
7/17/16,51,22, ,28, ,5
7/18/16,44,20, ,28, ,5
7/19/16,34,20, ,31, ,5
7/20/16,28,30, ,33, ,5
7/21/16,31,23, ,31, ,6
7/22/16,38,23, ,25, ,5
7/23/16,49,26, ,18, ,6
7/24/16,61,32, ,32, ,6
7/25/16,56,38, ,45, ,8
7/26/16,63,34, ,33, ,7
7/27/16,64,34, ,39, ,7
7/28/16,69,30, ,40, ,7
7/29/16,58,27, ,27, ,5
7/30/16,55,24, ,26, ,5
7/31/16,47,21, ,31, ,6
8/1/16,45,25, ,35, ,6
8/2/16,37,25, ,35, ,6
8/3/16,57,28, ,38, ,7
8/4/16,56,29, ,26, ,7
8/5/16,61,21, ,18, ,5
8/6/16,55,16, ,16, ,5
8/7/16,32,25, ,36, ,6
8/8/16,42,35, ,38, ,8
8/9/16,60,19, ,35, ,8
8/10/16,50,21, ,27, ,6
8/11/16,39,26, ,34, ,6
8/12/16,40,29, ,21, ,6
8/13/16,60,20, ,15, ,6
8/14/16,45,16, ,16, ,6
8/15/16,25,24, ,26, ,6
8/16/16,42,27, ,31, ,7
8/17/16,41,32, ,35, ,7
8/18/16,53,32, ,38, ,8
8/19/16,62,34, ,27, ,9
8/20/16,67,28, ,24, ,8
8/21/16,67,25, ,31, ,8
8/22/16,58,31, ,30, ,7
8/23/16,63,26, ,32, ,8
8/24/16,50,20, ,29, ,5
8/25/16,44,26, ,30, ,5
8/26/16,45,37, ,39, ,8
8/27/16,63,33, ,33, ,6
8/28/16,72,41, ,32, ,6
8/29/16,64,27, ,28, ,5
8/30/16,35,41, ,38, ,6
8/31/16,54,39, ,42, ,7
9/1/16,63,46, ,50, ,8
9/2/16,67,45, ,41, ,7
9/3/16,71,39, ,35, ,6
9/4/16,67,21, ,24, ,6
9/5/16,55,20, ,23, ,5
9/6/16,34,48, ,52, ,11
9/7/16,61,59, ,58, ,11
9/8/16,90,60, ,63, ,11
9/9/16,98,54, ,50, ,9
9/10/16,96,55, ,53, ,12
9/11/16,102,53, ,40, ,8
9/12/16,79,53, ,29, ,8
9/13/16,79,41, ,26, ,7
9/14/16,49,51, ,33, ,7
9/15/16,57,62, ,35, ,6
9/16/16,73,36, ,15, ,4
9/17/16,51,24, ,9, ,3
9/18/16,33,44, ,17, ,4
9/19/16,51,54, ,34, ,7
9/20/16,65,37, ,26, ,7
9/21/16,61,32, ,30, ,7
9/22/16,61,48, ,32, ,7
9/23/16,76,35, ,26, ,6
9/24/16,75,21, ,23, ,6
9/25/16,56,34, ,19, ,6
9/26/16,58,42, ,23, ,7
9/27/16,66,70, ,36, ,9
9/28/16,131,49, ,31, ,6
9/29/16,63,56, ,38, ,7
9/30/16,73,39, ,27, ,9
4/1/16,58,41, ,34, ,10
4/2/16,63,40, ,29, ,8
4/3/16,84,48, ,34, ,8
4/4/16,82,59, ,39, ,8
4/5/16,97,60, ,37, ,10
4/6/16,119,50, ,41, ,10
4/7/16,87,47, ,38, ,10
4/8/16,78,32, ,19, ,7
4/9/16,59,25, ,16, ,7
4/10/16,62,32, ,22, ,8
4/11/16,56,48, ,31, ,10
4/12/16,99,67, ,36, ,11
4/13/16,141,50, ,36, ,11
4/14/16,92,54, ,44, ,11
4/15/16,76,34, ,28, ,9
4/16/16,76,36, ,21, ,9
4/17/16,81,37, ,29, ,8
4/18/16,52,44, ,32, ,9
4/19/16,68,29, ,27, ,8
4/20/16,42,38, ,33, ,9
4/21/16,62,43, ,28, ,8
4/22/16,55,45, ,32, ,9
4/23/16,66,26, ,23, ,8
4/24/16,48,38, ,36, ,10
4/25/16,60,42, ,38, ,10
4/26/16,71,21, ,45, ,12
4/27/16,55,31, ,40, ,11
4/28/16,60,30, ,36, ,10
4/29/16,62,34, ,20, ,9
4/30/16,70,32, ,19, ,9
5/1/16,71,31, ,24, ,11
5/2/16,71,30, ,26, ,11
5/3/16,68,33, ,30, ,11
5/4/16,63,38, ,33, ,10
5/5/16,55,41, ,35, ,11
5/6/16,57,39, ,26, ,11
5/7/16,57,31, ,25, ,11
5/8/16,63,31, ,35, ,12
5/9/16,58,36, ,38, ,12
5/10/16,61,40, ,46, ,13
5/11/16,64,35, ,33, ,13
5/12/16,62,37, ,37, ,14
5/13/16,65,27, ,28, ,13
5/14/16,58,24, ,17, ,10
5/15/16,40,26, ,25, ,10
5/16/16,46,25, ,33, ,11
5/17/16,49,38, ,38, ,12
5/18/16,63,36, ,39, ,14
5/19/16,69,58, ,59, ,14
5/20/16,81,54,40,35,1,12
5/21/16,77,37, ,32, ,14
5/22/16,70,37, ,28, ,14
5/23/16,66,36, ,24, ,13
5/24/16,45,49, ,36, ,14
5/25/16,63,34, ,20, ,13
5/26/16,69,40, ,27, ,13
5/27/16,80,24, ,22, ,14
5/28/16,52,26, ,20, ,14
5/29/16,53,30, ,21, ,14
5/30/16,56,34, ,21, ,15
5/31/16,68,26, ,22, ,9
6/1/16,59,24, ,20, ,4
6/2/16,50,30, ,30, ,4
6/3/16,51,34, ,24, ,4
6/4/16,62,21, ,16, ,3
6/5/16,33,21, ,18, ,3
6/6/16,26,42, ,40, ,5
6/7/16,47,42, ,52, ,5
6/8/16,48,34, ,36, ,6
6/9/16,52,31, ,38, ,5
6/10/16,46,21, ,23, ,4
6/11/16,26,16, ,19, ,4
6/12/16,32,19, ,24, ,5
6/13/16,31,27, ,24, ,5
6/14/16,45,36, ,38, ,7
6/15/16,59,23, ,36, ,6
6/16/16,44,28, ,24, ,5
6/17/16,42,29, ,27, ,5
6/18/16,41,28, ,33, ,6
6/19/16,52,25, ,30, ,6
6/20/16,63,31, ,38, ,5
6/21/16,56,34, ,43, ,6
6/22/16,53,34, ,35, ,6
6/23/16,58,34, ,32, ,7
6/24/16,64,36, ,20, ,7
6/25/16,68,33, ,20, ,6
6/26/16,61,25, ,31, ,6
6/27/16,36,39, ,42, ,7
6/28/16,56,40, ,49, ,7
6/29/16,66,39, ,54, ,7
6/30/16,59,32, ,44, ,6
1/4/16,147,76, ,21, ,12
1/5/16,167,64, ,11, ,10
1/6/16,161,55, ,14, ,11
1/7/16,148,53, ,18, ,11
1/8/16,142,34, ,14, ,9
1/9/16,97,44, ,18, ,12
1/10/16,124,48, ,21, ,14
1/11/16,125,48, ,16, ,13
1/12/16,128,33, ,15, ,10
1/13/16,96,23, ,15, ,8
1/14/16,74,56, ,25, ,8
1/15/16,151,36, ,20, ,5
1/16/16,98,70, ,24, ,8
1/17/16,169,66, ,30, ,10
1/18/16,164,54, ,23, ,7
1/19/16,149,63, ,22, ,9
1/20/16,161,30, ,20, ,6
1/21/16,91,37, ,21, ,6
1/22/16,101,70, ,38, ,13
1/23/16,160,69, ,26, ,12
1/24/16,155,42, ,26, ,10
1/25/16,98,43, ,25, ,10
1/26/16,105,33, ,26, ,8
1/27/16,86,22, ,21, ,6
1/28/16,52,35, ,27, ,7
1/29/16,71,31, ,20, ,7
1/30/16,62,18, ,12, ,5
1/31/16,47,27, ,24, ,7
2/1/16,64,15, ,18, ,6
2/2/16,43,20, ,17, ,5
2/3/16,43,23, ,20, ,6
2/4/16,58,36, ,21, ,6
2/5/16,73,44, ,23, ,8
2/6/16,108,41, ,19, ,7
2/7/16,86,35, ,26, ,8
2/8/16,78,37, ,27, ,7
2/9/16,53,21, ,29, ,8
2/10/16,58,25, ,22, ,7
2/11/16,66,31, ,28, ,8
2/12/16,76,35, ,23, ,7
2/13/16,87,44, ,24, ,8
2/14/16,106,49, ,31, ,10
2/15/16,116,31, ,28, ,9
2/16/16,68,29, ,19, ,7
2/17/16,64,40, ,24, ,9
2/18/16,95,29, ,25, ,9
2/19/16,78,38, ,22, ,8
2/20/16,101,19, ,18, ,7
2/21/16,58,9, ,19, ,6
2/22/16,26,29, ,31, ,8
2/23/16,70,32, ,25, ,7
2/24/16,72,41, ,35, ,10
2/25/16,83,55, ,39, ,11
2/26/16,132,57, ,28, ,10
2/27/16,136,51, ,28, ,9
2/28/16,122,45, ,20, ,7
2/29/16,111,26, ,25, ,8
3/1/16,71,36, ,30, ,9
3/2/16,92,46, ,27, ,9
3/3/16,101,35, ,23, ,8
3/4/16,85,45, ,20, ,8
3/5/16,108,36, ,24, ,8
3/6/16,92,45, ,32, ,10
3/7/16,95,48, ,38, ,10
3/8/16,93,49, ,33, ,11
3/9/16,103,32, ,21, ,8
3/10/16,69,25, ,16, ,9
3/11/16,64,33, ,15, ,9
3/12/16,77,28, ,18, ,7
3/13/16,61,59, ,32, ,9
3/14/16,110,28, ,23, ,8
3/15/16,61,49, ,33, ,9
3/16/16,72,55, ,27, ,9
3/17/16,105,54, ,26, ,9
3/18/16,85,36, ,19, ,7
3/19/16,47,38, ,14, ,8
3/20/16,87,45, ,23, ,9
3/21/16,82,27, ,30, ,10
3/22/16,65,34, ,31, ,10
3/23/16,67,51, ,33, ,11
3/24/16,83,79, ,44, ,13
3/25/16,140,47, ,23, ,12
3/26/16,126,49, ,18, ,10
3/27/16,115,42, ,17, ,9
3/28/16,97,42, ,26, ,10
3/29/16,82,28, ,32, ,11
3/30/16,61,41, ,35, ,10
3/31/16,85,28, ,29, ,8
10/1/15,106,58,19,23,5,3
10/2/15,93,32,29,24,4,5
10/3/15,79,21,29,18,4,4
10/4/15,65,40,43,25,1,5
10/5/15,104,37,10,17, ,6
10/6/15,97,11,20,13,9,3
10/7/15,24,13,12,18,4,4
10/8/15,38,18,21,19,1,5
10/9/15,50,42,32,19,3,6
10/10/15,96,19,25,16,2,7
10/11/15,70,20,21,12,2,4
10/12/15,55,25,17,17,2,7
10/13/15,83, ,21,17,1,8
10/14/15,113,44,33,18,2,7
10/15/15,112,49,25,20,2,8
10/16/15,119, ,11,18,3,10
10/17/15,93,25,14,10,1,8
10/18/15,83,26,11,13,1,9
10/19/15,79,36,8,20,3,11
10/20/15,113,27,8,7,2,7
10/21/15,84,16,10,15,1,8
10/22/15,71,15,19,10,2,8
10/23/15,57,13,16,10,2,7
10/24/15,44,29,9,9,1,8
10/25/15,88,30,15,17, ,9
10/26/15,84,50,3,27,1,16
10/27/15,136,26,20,21,1,11
10/28/15,80,26,13,19,3,13
10/29/15,77,54,9,23,4,13
10/30/15,142,54,12,19,1,14
10/31/15,142,45,24,14,4,12
11/1/15,126,34,17,19,5,12
11/2/15,87,84,3,30,2,18
11/3/15,172,56,9,23,2,16
11/4/15,144,44,3,19,1,15
11/5/15,111,49,6,19, ,17
11/6/15,133,61,4,16,1,16
11/7/15,156,26,25,5,1,8
11/8/15,61,16,11,14,2,3
11/9/15,54,12,15,8,1,2
11/10/15,45,5,13,4, ,2
11/11/15,20,15,17,9,1,2
11/12/15,54,25,7,13,3,5
11/13/15,76,14,25,7, ,3
11/14/15,43,12,20,11, ,4
11/15/15,48,25,15,14,1,4
11/16/15,78,32,6,14,1,5
11/17/15,94,8,27,9,1,4
11/18/15,41, ,19,10,1,3
11/19/15,38,14,19,14, ,4
11/20/15,46,20,9,12,1,5
11/21/15,97,32,12,12,1,6
11/22/15,99,21,12,18,2,6
11/23/15,102,31,8,18,2,7
11/24/15,103,46,11,23,3,9
11/25/15,130,53,3,22,2,10
11/26/15,156,42,3,22,2,12
11/27/15,124,38,5,13,4,9
11/28/15,112,32,16,9,2,6
11/29/15,96,5,26,8,2,6
11/30/15,27,12,21,11,2,6
12/1/15,49,20,13,12,1,1
12/2/15,65,32,12,19,2, 
12/3/15,90,37,17,17,4,5
12/4/15,94,22,15,10,2,8
12/5/15,69,17,20,8,1,7
12/6/15,60,26,17,12,1,9
12/7/15,74,45,6,23,1,12
12/8/15,107,42,4,17, ,12
12/9/15,112,36,12,18,2,10
12/10/15,96,41,11,18,5,11
12/11/15,109,20,19,10,2,9
12/12/15,68,14,19,8,4,10
12/13/15,53,19,19,19,2,11
12/14/15,55,57,5,22,5,15
12/15/15,144,48,5,15,2,13
12/16/15,133,36,3,14,2,13
12/17/15,104,30,1,12,1,10
12/18/15,84,38,9,13,1,12
12/19/15,95,36,11,12,3,13
12/20/15,98,27,7,13,4,13
12/21/15,79,16,24,9,4,3
12/22/15,48,15,20,10,1,3
12/23/15,50,29,14,12,1,3
12/24/15,83,30,18,6,3,3
12/25/15,91,12,23,3,1,2
12/26/15,47,16,21,8,1,3
12/27/15,53,15,18,12,1,3
12/28/15,49,24, ,17, ,5
12/29/15,60,35, ,23, ,6
12/30/15,85, , , , , 
7/1/15,35, ,29,4,2,4
7/2/15,57, ,21,13, ,5
7/4/15,60,22,21,24,1,1
7/5/15,53,26,56,19,3,2
7/6/15,61, , , , , 
7/10/15,14, ,24,5, , 
7/12/15,27,11,25,10, ,3
7/13/15,43,14,35,3,1,2
7/14/15,45,20,40,8,3,4
7/15/15,46,15,37,11,3,3
7/16/15,39,34, ,34, ,5
7/17/15,58, ,71,16,5,3
7/18/15,51,26, ,14, ,3
7/19/15,69, ,40,3, , 
7/22/15,64, ,49,4, , 
7/25/15,41,16,24,2, ,1
7/26/15,33,14,37,5,1,1
7/27/15,36,12,30,4, ,1
7/28/15,27,11,36,4,2, 
7/29/15,27,8,32,3,1, 
7/30/15,19,7, ,3, , 
7/31/15,18,12,42,3, , 
8/1/15,34,19,22,3,1, 
8/2/15,41,22,54,13,2, 
8/3/15,52,33,63,5,3, 
8/4/15,58,32,28,10,1, 
8/5/15,63, ,78,5,2, 
8/6/15,59, ,78,13,6, 
8/7/15,71,28,82,10,4, 
8/8/15,59, , , , , 
8/17/15,41, , , , , 
8/19/15,37,21,26,9,1,2
8/20/15,38,33,29,19, ,4
8/21/15,48, ,26,19, ,3
8/23/15,68,43,23,16, ,2
8/24/15,85, ,28,14,1,2
8/25/15,68, ,43,16, ,3
8/26/15,48,23,44,28, ,6
8/27/15,54,26,45,15,2,4
8/28/15,64,21,36,12,1,4
8/29/15,43,14,41,18,2,6
8/30/15,39,24,58,29,2,7
8/31/15,56,25,62,26,2,6
9/1/15,64,18,28,21,2,6
9/2/15,41,23,33,24,2,7
9/3/15,61,26,25,24,1,6
9/4/15,64,21,30,11,1,5
9/5/15,54,12,25,8,2,4
9/6/15,33,3,81,7,1,5
9/7/15,15,4,18,10,1,6
9/8/15,32,12,19,17,3,7
9/9/15,35,13,32,21, ,7
9/10/15,36,15,26,17, ,8
9/11/15,49,14,17,11, ,4
9/12/15,47,21,20,11, ,4
9/13/15,66,21,20,12,1,4
9/14/15,64,28,31,23,2,5
9/15/15,71,19,21,22,1,5
9/16/15,53,76,40,20,2,6
9/17/15,68,15,28,11,1,3
9/18/15,36,21,24,21,3,2
9/19/15,59,28,24,19,1,3
9/20/15,77,13,25,10, ,3
9/21/15,44,18,15,15,1,2
9/22/15,57,25,26,19,2,4
9/23/15,64,38,28,34,3,3
9/24/15,84,24,26,21,1,3
9/25/15,71, , ,21, ,1
9/27/15,23,9,17,19,1,2
9/28/15,26,12,15,17,2,2
9/29/15,35,14,19,21, ,2
9/30/15,30,50,24,25,2,4
4/2/15,45,14,27,7,1, 
4/3/15,48,14,27,5,2, 
4/4/15,58,9,18,5,3, 
4/5/15,43,16,28,3,1, 
4/6/15,36,27,25,19, , 
4/7/15,80, , , , , 
4/9/15,38, ,29,11,4, 
4/11/15,97,58,6,11,2, 
4/12/15,124, ,25,6,2,1
4/17/15,62,39,29,15,16,2
4/18/15,64, ,21,9, ,5
4/20/15,34,10,31,15, ,4
4/21/15,22,45,31,12,3,5
4/22/15,63, ,34,17,6,6
4/23/15,155, ,3,11,6,6
4/24/15,49, ,24, , ,6
4/29/15,36, ,17,27, ,3
5/2/15,52,27,28,15,1,3
5/3/15,76, ,40,19,1,4
5/5/15,80,15,37,24,1,7
5/6/15,53,17,22,12,1,8
5/7/15,49,19,38,20,2,5
5/8/15,41,19,26,20,1,5
5/9/15,53,18,17,12,1,6
5/10/15,59, ,37,12,2,7
5/11/15,26,22,33,18,2,7
5/12/15,58, ,33,8,2,8
5/14/15,41,20,37,13, ,9
5/15/15,55, ,26,15, ,7
5/17/15,34,11,35,12,1,7
5/18/15,35,25,32,26,3,7
5/19/15,64,19,42,28,3,10
5/20/15,91, ,47,24, ,8
5/22/15,39,27,38,21,2,5
5/23/15,73,20,36,14,1,6
5/24/15,63,28,16,12, ,5
5/25/15,72,19,22,17,1,3
5/26/15,56,7,29,13,18,6
5/27/15,21,11,25,12, ,3
5/28/15,27,27,13,17,3,2
5/29/15,62,17,43,14, ,4
5/30/15,49,8,41,7,1,4
5/31/15,27,21,40,17,3,3
6/1/15,51,14,42,14,5,4
6/2/15,32,19,38,12,3,4
6/3/15,32,9,45,7,1,3
6/4/15,23,5,39,8,1,3
6/5/15,19,15,45,14,1,3
6/6/15,27,20,27,12, ,2
6/7/15,52,23,30,15,3,3
6/8/15,30, ,41,18,3,3
6/10/15,43, ,14,25,3,4
6/12/15,50,14,39,12,2,6
6/13/15,52,17,43,11,6,3
6/14/15,52,22,38,28, ,3
6/15/15,66,12,21,11,3,5
6/16/15,22,12,37,14,1,2
6/17/15,27, ,37,17,3,3
6/18/15,37,19,44,9,6,4
6/19/15,67,10,24,10,4,3
6/20/15,32,10,18,6, ,4
6/21/15,39,11,28,10, ,3
6/22/15,43,11,32,12,2,4
6/23/15,38,11,26,9,1,5
6/24/15,34,11,23,10,2,4
6/25/15,31,21,26,14,2,2
6/26/15,54,33,30,12, ,2
6/27/15,102,15,21,18,1,2
6/28/15,44,19,33,11,1,3
6/29/15,62,14,22,14, ,3
6/30/15,39,10,40,17,5,3
1/2/15,72, ,19,11,6,5
1/5/15,50, ,18,6,2,5
1/7/15,93,53,14,19,16,8
1/8/15,112,15, ,30,2,9
1/9/15,57,10,34,8,7,3
1/10/15,42,12,35,5,3,3
1/11/15,41, ,24,2, ,3
1/13/15,39,11,18,9,3,4
1/14/15,45,16,21,10,6,4
1/15/15,58,22,13,13,2,4
1/16/15,111, ,12,19,4,7
1/17/15,95,47,12,21,6,7
1/18/15,130, , ,21, ,4
1/22/15,115,17,11,7,2, 
1/23/15,62, ,6,7,2,6
1/26/15,89,32,21,26,3,8
1/27/15,97,26,11,27,8,9
1/28/15,83, ,17,10,5,7
1/30/15,119,31,14,17,4,8
1/31/15,97,29,15,14,2,5
2/1/15,90,52,15,18,2,4
2/2/15,154, ,9,44,8,8
2/3/15,167,33,13,39,10,7
2/4/15,122,71,9,23,10,7
2/5/15,156,32,10,14,6,15
2/6/15,93, ,22,9,4,6
2/8/15,36,20,39,12,1,3
2/9/15,67, ,22,5,2,9
2/11/15,63, ,17,11,2,6
2/13/15,154, , ,39, ,8
2/16/15,43,27,26,3,5,2
2/17/15,67,41,28,4,3,2
2/18/15,116,44,22,12,3,8
2/19/15,118,49,16,13,3,6
2/20/15,138,42,8,12,4,4
2/21/15,123, ,25,14,8,4
2/25/15,140,39,21,33,8, 
2/26/15,114,31,17,23,3,1
2/27/15,108,63,7,33,4, 
2/28/15,148,38,11,40,4,1
3/1/15,119,16,21,35,3, 
3/2/15,59,12,16,16,1,3
3/3/15,58,18,23,8,4,1
3/4/15,63,35,22,6,2, 
3/5/15,96,33,16,15,4, 
3/6/15,92,31,20,9,2, 
3/7/15,94,57,24,8,2, 
3/8/15,153,22, ,26, ,7
3/9/15,66,64,32,12,4,2
3/10/15,144,72,35,20,6,9
3/11/15,147, ,26,27,2,15
3/13/15,44,16,9,10,1,5
3/14/15,56,16,14,5,2, 
3/15/15,57,27, ,3,1,8
3/16/15,72,28,24,4,1,5
3/17/15,76, ,26,9,3,3
3/19/15,116,73,20,20,2,3
3/20/15,149, ,29,21,6,1
3/22/15,44, ,30,3,2,2
3/25/15,136,59,44,9,5,1
3/26/15,150,42,23,13,5,1
3/27/15,111, ,7,10,2,2
3/29/15,89, ,29,6,1, 
3/31/15,30, ,20,6,2, 
10/7/14,89,32,19,19,4,9
10/8/14,80, ,19,20,2,10
10/14/14,88,18,15,13,3,8
10/15/14,73, ,15,13,1,10
10/16/14,62,39,9,24,2,15
10/17/14,87,21,5,7,1,9
10/18/14,66,22,26,7,1,7
10/19/14,71,8,23,4, ,4
10/20/14,29, ,19,4,3,1
10/23/14,56,14,22,9, ,2
10/24/14,47, ,15,15,8,4
10/27/14,121,40,20,27,4,8
10/28/14,108,33,25,25,5,7
10/29/14,90,60,7,18,2,8
10/30/14,158, ,14,16, ,6
11/2/14,129,26,15,18,1,9
11/3/14,76,35,19,24,3,10
11/4/14,82,25,22,14,1,9
11/5/14,71,34,17,19,2,8
11/6/14,88,41,9,20,2,11
11/7/14,112,21,9,14,3,12
11/8/14,70,15,9,11, ,11
11/9/14,53,34,9,17,1,13
11/10/14,95,37,17,12,2,13
11/11/14,100,35,9,10,2,9
11/12/14,99,38,11,9,3,2
11/13/14,107,35,17,12, ,7
11/14/14,94,34,10,7,3,2
11/15/14,96, , , , , 
11/17/14,66,18,5,3,1,5
11/18/14,58, , , , , 
11/21/14,85, , , , , 
11/23/14,93,20,16,6, ,9
11/24/14,66,32,5,23,2,19
11/25/14,89,33,3,16,5,16
11/26/14,97,41, ,20, ,19
11/27/14,119,25,14,15,1,19
11/28/14,78,38,11,14, ,19
11/29/14,106,35,12,12,2,16
11/30/14,102,25,26,13,2,15
12/1/14,77,28,18,16,2,9
12/2/14,87,32,13,23,8,7
12/3/14,97,48,9,18,3,10
12/4/14,131,37, ,17, ,8
12/5/14,106,24, ,13,16,4
12/6/14,72, , ,12,6, 
12/7/14,189, ,11,6,1,6
12/9/14,109,72, ,26,5,11
12/10/14,165,35,7,17,4,5
12/11/14,104,28, ,18,8,2
12/12/14,75,17,20,13,3,3
12/13/14,50,38,5,23,7,6
12/14/14,107,49,6,15,3,7
12/15/14,134,44,10,13,1,7
12/16/14,124,21,10,12,4,3
12/17/14,66,37,8,17,4,5
12/18/14,105,15,9,10,4,4
12/19/14,56,6,29,7,1,2
12/20/14,26, , ,4,6,1
12/22/14,27, ,1,6,3,3
12/25/14,28,11,16,7, ,4
12/26/14,46,25,13,14,11,5
12/27/14,89, , ,24, ,4
7/1/14,53, ,40,16, ,3
7/2/14,41, ,15,15,2,3
7/3/14,99, , ,39,1,5
7/5/14,71,19,49,3,1, 
7/6/14,56, , , , , 
7/9/14,54,23,22,4, ,4
7/10/14,60, ,30, , , 
7/11/14,25, , , , , 
7/14/14,44, , , , , 
7/17/14,50,32, ,18,1,7
7/18/14,57, , ,5,1, 
7/21/14,33, , , , , 
7/24/14,56,19,16,3,1,5
7/25/14,55,18,47,3,1, 
7/26/14,47,28,30,4,2, 
7/27/14,68, , , , , 
7/31/14,60,12,20,21,1,8
8/1/14,40, ,11,22, ,8
8/3/14,53,30,61,19,1,7
8/4/14,63,17,15,15, ,7
8/6/14,22,12,46,29, ,9
8/7/14,30, ,35,34, ,10
8/12/14,52,15,11,27,1,10
8/13/14,42,10,28,11, ,6
8/14/14,30,17,17,11,2,7
8/15/14,53, , ,12, ,7
8/18/14,30,10,27,13, ,7
8/20/14,37,20,21,27, ,8
8/21/14,53,14,36,17,2,9
8/22/14,43,14,43,15, ,8
8/23/14,41,22,30,18,1,9
8/24/14,67,9,33,11,3,7
8/25/14,25,13,16,18,1,6
8/26/14,44,14,23,15,1,4
8/27/14,44,9,27,16,4,3
8/28/14,31,9,40,22, ,4
8/29/14,31,20,36,14,1,3
8/30/14,57,17,29,14, ,3
8/31/14,57,18,15,14,1,4
9/1/14,58,8,27,13,1,3
9/2/14,30,13,26,11,1,5
9/3/14,35,11,29,14,5,5
9/4/14,34,29,33,19,2,5
9/5/14,53,20,39,25,2,6
9/6/14,86,23,42,23,1,6
9/7/14,75,24,48,13,1,5
9/8/14,60,26,24,15, ,6
9/9/14,72,43,3,16,2,5
9/10/14,89, ,25,26, ,8
9/12/14,62,23,34,19,1,6
9/13/14,56, ,18,19, ,6
9/16/14,41,17,29,13, ,4
9/17/14,43,22,40,27,4,7
9/18/14,52,36, ,26,2,8
9/19/14,74,39,34,21,2,7
9/20/14,96, ,14,11,1,7
9/21/14,102,16, ,9, ,3
9/22/14,52,15,21,10,2,3
9/23/14,56,11,23,11,1,4
9/24/14,36,15,14,13,3,5
9/25/14,56,33,21,15,2,5
9/26/14,75,20,23,9,2,5
9/27/14,62,15,27,4, ,3
9/28/14,49,53,18,22,4,7
9/29/14,103,78,1,33,4,10
9/30/14,148, , , , , 
4/1/14,47,14,30,20,1,5
4/2/14,128,36,33,20,5,7
4/3/14,73,29,19,36,4,7
4/4/14,79,35,36,20,1,5
4/5/14,33,26,34,17,5,5
4/6/14,62,22,30,17,11,5
4/8/14,72,17,26,12,1,4
4/9/14,57,19,28,11,1,4
4/10/14,54,30,18,28,10,8
4/11/14,87,49,18,29,2,10
4/12/14,126,31,33,15,2,7
4/13/14,91,20,23,12,1,6
4/14/14,66,9,28,21,18,7
4/16/14,65,24,32,23,1,8
4/17/14,67,91,33,36,3,11
4/18/14,180,29,40,14,1,7
4/19/14,69,17,30,10, ,7
4/21/14,58,21,24,30,1,10
4/22/14,60,14,41,24, ,6
4/23/14,48,25,20,8, ,8
4/24/14,49,19,35,10, ,8
4/25/14,44,19,28,4, ,3
4/26/14,69,16, ,8,1,3
4/27/14,57,20,22,17,1,11
4/28/14,62,26,15,33, ,7
4/29/14,76,54,45,40,1,7
4/30/14,102,35,51,21, ,4
5/1/14,81,12, ,13, ,3
5/2/14,40,8, ,12, ,3
5/3/14,28, ,36,15, ,3
5/6/14,26,23,35,21,2,4
5/7/14,62, ,36,9, ,4
5/8/14,58,15,21,16, ,4
5/9/14,54, ,33,11, ,3
5/10/14,36, ,14,14, ,4
5/11/14,77,10,22,11,2,3
5/12/14,37,10,24,14,1,3
5/13/14,35,16,32,28, ,5
5/14/14,50,37,33,13, ,5
5/15/14,47,17,26,17, ,6
5/16/14,48,18,22,16, ,6
5/17/14,54,20,35,16, ,6
5/18/14,59,13,35,21, ,5
5/19/14,42,20,49,27,1,5
5/20/14,50,21,56,30, ,5
5/21/14,52,17,45,23,1,5
5/22/14,43,26, ,26,2,5
5/23/14,45,24,47,15,1,4
5/24/14,55,29,24,12,1,2
5/25/14,63,28,44,20, ,5
5/26/14,75,18,37,20, ,4
5/27/14,52,32,17,21, ,5
5/28/14,63,15,16,15,7,4
5/29/14,31,9,14,7,2,2
5/30/14,33, , , , , 
6/1/14,23,7,19,19,13,5
6/2/14,26,17,21,12, ,4
6/3/14,56,17,17,25, ,7
6/5/14,45,17,35,28,1,6
6/7/14,61,37,59,18, ,4
6/8/14,72,34,25,33,1,6
6/9/14,80, ,39,36,1,4
6/11/14,31,22,37,29,2,3
6/12/14,46,30,30,9, ,2
6/13/14,28,9,24,10, ,2
6/14/14,29,24,24,9, ,2
6/15/14,45,10,37,22, ,3
6/16/14,30,29,33,19, ,4
6/17/14,61, ,35,15, ,6
6/19/14,27,14,24,8,2,5
6/20/14,32,15,25,7, ,1
6/21/14,41,7,26,3, ,1
6/22/14,26,11, ,8,1,1
6/23/14,26,22,29,9,1,1
6/24/14,41, , , , , 
6/26/14,35, , ,7, , 
6/29/14,70,28,21,30,10,7
6/30/14,76,18, ,15, ,3
1/2/14,139,74,8,15,4,6
1/3/14,149,64,5,17,3,8
1/4/14,155,61,8,16,3,9
1/5/14,125,46,15,10,4,9
1/6/14,60,31,17,10,2,5
1/8/14,136,38,2,18,3,6
1/11/14,73,25,21,13,2,5
1/13/14,54,21,22,18,3,6
1/14/14,83,52, ,28,2,10
1/15/14,119,45,8,20,3,9
1/16/14,92,56,14,14,4,10
1/17/14,155,52,9,20,3,10
1/18/14,146,65,4,16,4,10
1/19/14,73,34,15,9, ,7
1/20/14,65,27,18,16,1,9
1/21/14,62,29,17,15,8,9
1/22/14,123,50,14,25,5,11
1/23/14,170,91,13,32,4,15
1/24/14,114,56,25,23,5,12
1/25/14,137,40,17,15,2,10
1/26/14,125,33,15,14,7,11
1/27/14,77,31,25,19,8,7
1/28/14,68,29,22,19,7,6
1/29/14,61,24,23,16,4,5
1/30/14,103,29,27,20,4,6
1/31/14,61,34,27,21,18,5
2/1/14,104,41,28,20,8,7
2/2/14,105,46,28,23,14,7
2/3/14,160,74,16,29,10,11
2/4/14,168,81,32,48,10,13
2/5/14,156,76,31,53,9,13
2/6/14,161,64,21,28,13,9
2/7/14,164,71,24,30,7,11
2/8/14,95,43,17,20,5,9
2/9/14,115,62,14,23,4,12
2/10/14,152,57,15,27,2,12
2/11/14,150,47,18,28,4,11
2/12/14,173,72, ,24,4,15
2/13/14,117,55,18,22,2,12
2/14/14,131,43,17,18,3,10
2/15/14,113,45,22,14,4,8
2/16/14,124,40,20,12,3,4
2/17/14,68,33,15,17,2,4
2/18/14,123,52,17,23,3,5
2/19/14,135,65,8,21,6,7
2/20/14,95,61,15,17,4,6
2/21/14,144,59,15,16,4,6
2/22/14,151,57,20,12,3,5
2/23/14,152,55,32,27,3,8
2/24/14,136,54,14,22,3,9
2/25/14,102,44,13,20,2,7
2/26/14,71,61,15,20,4,9
2/27/14,161,68,17,18,6,9
2/28/14,130,54,13,17,5,8
3/1/14,142,46,11,20,4,12
3/2/14,126,27,18,19,2,10
3/4/14,89,28,22,19,1,10
3/5/14,83,21,13,18,1,9
3/9/14,139,53,33,26,3,7
3/10/14,108,44,12,35,5,8
3/12/14,100,40, ,26,3,6
3/13/14,102,45,30,25,5,7
3/14/14,127,53,28,22,5,5
3/15/14,66,24,29,3,1,5
3/19/14,93,32,16,5,1,4
3/20/14,71,24,26,17,1,3
3/21/14,50,17,37,16,3,3
3/24/14,59,10,23,16, ,4
3/25/14,49,14,28,22,1,4
3/26/14,105,39,32,20,3,7
3/27/14,95,31,14,18,3,7
3/30/14,116,50,46,29,3,8
3/31/14,121,53,43,29,4,8
12/31/24, ,25, ,9, , 
1/6/24, ,24, ,5, , 
5/7/23, ,22, ,17, , 
3/26/22, ,35, ,19, , 
12/25/21, ,30, ,19, ,6
10/8/20, ,32, ,22, ,8
3/31/20, ,41, ,13, ,2
12/31/19, ,21, ,6, ,3
9/15/19, ,5, ,16, ,4
4/30/19, ,33, ,21, ,7
6/20/19, ,28, ,22, ,4
12/31/18, ,18, ,9, ,6
5/16/18, ,19, ,19, ,5
12/31/17, ,33, ,15, ,8
10/12/17, ,39, ,19, ,3
9/9/17, ,25, ,17, ,6
4/3/17, ,31, ,17, ,3
1/3/16, ,59, ,17, ,9
7/3/15, ,23,36,14,3,2
7/9/15, ,8,26,4, ,3
7/11/15, ,9,25,7,1,2
7/21/15, ,22,41,2,1, 
7/24/15, ,11,42,8,7, 
8/16/15, ,24, ,9, ,2
8/18/15, ,24,32,12,1,3
8/22/15, ,33,35,11, ,2
9/26/15, ,6, ,13, ,1
4/1/15, ,12,24,7,1, 
4/8/15, ,13, , ,1, 
4/10/15, ,49,33,39,5, 
4/16/15, ,39, ,19,3, 
4/19/15, ,19, ,13, ,5
4/28/15, ,8,23,12, ,6
5/1/15, ,15, ,8,2,4
5/4/15, ,31,23,23,2,5
5/13/15, ,15,41,25, ,5
5/16/15, ,14,13,7,5,7
5/21/15, ,14, ,22,3,4
6/9/15, ,26,22,22,1,4
6/11/15, ,22,24,35,6,4
1/1/15, ,18,16,21,16,5
1/4/15, ,10,27,4,5,4
1/6/15, ,63,22,9,5,6
1/12/15, ,10,28,6,6,3
1/25/15, ,30,14,24,13,8
1/29/15, ,40, ,16, ,7
2/7/15, ,11,16,5,4, 
2/10/15, ,19, , , , 
2/12/15, ,65, , , , 
2/15/15, ,15,23,8,8,5
3/12/15, ,14, , , , 
3/18/15, ,46, , , , 
3/21/15, ,13,11,13,5, 
3/24/15, ,50, , , , 
3/28/15, ,30,21,6,2, 
3/30/15, ,7, , , , 
10/6/14, ,36,25,24,1,10
10/13/14, ,34,18,14,1,8
10/22/14, ,16,17,3,1,1
10/26/14, ,49,6,18,2,8
11/1/14, ,45,10,7,3,7
11/16/14, ,21,11,6, ,8
11/20/14, ,30,1,10,1,6
11/22/14, ,32,20,6,2,7
12/8/14, ,38,8,14,3,6
12/21/14, ,6,17,8,5,3
12/24/14, ,7,25,5,2,2
7/4/14, ,26,27,10,1,1
7/8/14, ,22,33,4, ,3
7/13/14, ,14,45,4,2, 
7/16/14, ,22,23,25,1,7
7/20/14, ,13,41,2, ,4
7/23/14, ,25, ,11, ,2
7/30/14, ,21, ,22, ,8
8/2/14, ,27,47,16,1,7
8/5/14, ,7,39,14,1,8
8/11/14, ,14,29,15,2,7
8/17/14, ,16,32,13,1,7
8/19/14, ,12,40,10,1,7
9/11/14, ,26,42,23,1,7
9/15/14, ,14,29,17,1,5
4/7/14, ,31,39,22,2,6
4/15/14, ,21,22,23,1,7
4/20/14, ,18,33,14, ,7
5/4/14, ,6,28,20, ,3
5/5/14, ,9,42,21,1,4
5/31/14, ,9,29,19,1,4
6/4/14, ,14,47,24,1,6
6/6/14, ,30,50,19, ,5
6/18/14, ,12,40,7, ,10
6/25/14, ,10,21,6,1,2
6/28/14, ,23,8,15,1,3
1/1/14, ,55,13,12,2,5
1/7/14, ,41,7,20,1,7
1/9/14, ,40, ,21, ,7
1/10/14, ,14,27,2,4,4
1/12/14, ,14,24,7, ,4
3/3/14, ,8,29,23,2,9
3/6/14, ,12,21,20,1,9
3/7/14, ,28,11,20,3,10
3/16/14, ,3,26,2,3,2
3/17/14, ,14,27,1,1,2
8/15/15, , ,35,3,2,2
4/13/15, , ,19, , , 
4/14/15, , ,33,7,1, 
4/15/15, , ,25,10,2, 
1/3/15, , ,21,6,4,4
2/23/15, , ,12,14,5,4
3/23/15, , ,15, , , 
10/9/14, , ,10,17,1,9
10/11/14, , ,16,2, , 
10/12/14, , ,20,10,1,13
10/21/14, , ,12,11,4, 
10/25/14, , ,14,16,2,4
11/19/14, , , ,5,2, 
12/23/14, , ,25,4,3,2
7/22/14, , ,14,4, ,1
7/28/14, , ,15,5,1,2
8/8/14, , ,3,19, ,8
9/14/14, , ,30,18,1,6
6/10/14, , ,40,27, ,4
6/27/14, , ,39,8, , 
3/11/14, , ,26,34,10,7
3/22/14, , ,34,29,2,6
3/23/14, , ,25,14,2,5
3/28/14, , ,20,20,1,8
10/3/20, , , ,13, ,4
10/4/20, , , ,16, ,4
10/5/20, , , ,21, ,6
10/6/20, , , ,24, ,8
10/7/20, , , ,23, ,7
9/14/19, , , ,17, ,4
6/18/19, , , ,17, ,4
6/19/19, , , ,14, ,4
7/23/15, , , ,9,4, 
4/25/15, , , ,12, , 
4/26/15, , , ,25, ,7
4/27/15, , , ,25, ,9
4/30/15, , , ,15,7,5
7/15/14, , , ,27,1,6
7/29/14, , , ,26, ,9
8/9/14, , , ,19, ,9
8/10/14, , , ,26, ,9
8/16/14, , , ,8, ,7
3/8/14, , , ,21, ,5
3/29/14, , , ,28, ,7
7/20/15, , , , , , 